dataset_id,dataset_name,sub_dataset,raw_filename,std_name,fault_code,coarse_fault_code,fault_label,condition_str,split,test_eligible
1,D1_BearingTV,bearing,B-A-1.mat,d1_brg_BRG_BF_cond_A_001.mat,BRG_BF,BRG_SINGLE,Bearing_Ball,cond_A,train,True
1,D1_BearingTV,bearing,B-A-2.mat,d1_brg_BRG_BF_cond_A_002.mat,BRG_BF,BRG_SINGLE,Bearing_Ball,cond_A,train,True
1,D1_BearingTV,bearing,B-A-3.mat,d1_brg_BRG_BF_cond_A_003.mat,BRG_BF,BRG_SINGLE,Bearing_Ball,cond_A,train,True
1,D1_BearingTV,bearing,B-B-1.mat,d1_brg_BRG_BF_cond_B_001.mat,BRG_BF,BRG_SINGLE,Bearing_Ball,cond_B,train,True
1,D1_BearingTV,bearing,B-B-2.mat,d1_brg_BRG_BF_cond_B_002.mat,BRG_BF,BRG_SINGLE,Bearing_Ball,cond_B,train,True
1,D1_BearingTV,bearing,B-B-3.mat,d1_brg_BRG_BF_cond_B_003.mat,BRG_BF,BRG_SINGLE,Bearing_Ball,cond_B,train,True
1,D1_BearingTV,bearing,B-C-1.mat,d1_brg_BRG_BF_cond_C_001.mat,BRG_BF,BRG_SINGLE,Bearing_Ball,cond_C,val,True
1,D1_BearingTV,bearing,B-C-2.mat,d1_brg_BRG_BF_cond_C_002.mat,BRG_BF,BRG_SINGLE,Bearing_Ball,cond_C,val,True
1,D1_BearingTV,bearing,B-C-3.mat,d1_brg_BRG_BF_cond_C_003.mat,BRG_BF,BRG_SINGLE,Bearing_Ball,cond_C,val,True
1,D1_BearingTV,bearing,B-D-1.mat,d1_brg_BRG_BF_cond_D_001.mat,BRG_BF,BRG_SINGLE,Bearing_Ball,cond_D,test,True
1,D1_BearingTV,bearing,B-D-2.mat,d1_brg_BRG_BF_cond_D_002.mat,BRG_BF,BRG_SINGLE,Bearing_Ball,cond_D,test,True
1,D1_BearingTV,bearing,B-D-3.mat,d1_brg_BRG_BF_cond_D_003.mat,BRG_BF,BRG_SINGLE,Bearing_Ball,cond_D,test,True
1,D1_BearingTV,bearing,C-A-1.mat,d1_brg_BRG_CF_cond_A_001.mat,BRG_CF,BRG_COMBINED,Bearing_Combined,cond_A,train,True
1,D1_BearingTV,bearing,C-A-2.mat,d1_brg_BRG_CF_cond_A_002.mat,BRG_CF,BRG_COMBINED,Bearing_Combined,cond_A,train,True
1,D1_BearingTV,bearing,C-A-3.mat,d1_brg_BRG_CF_cond_A_003.mat,BRG_CF,BRG_COMBINED,Bearing_Combined,cond_A,train,True
1,D1_BearingTV,bearing,C-B-1.mat,d1_brg_BRG_CF_cond_B_001.mat,BRG_CF,BRG_COMBINED,Bearing_Combined,cond_B,train,True
1,D1_BearingTV,bearing,C-B-2.mat,d1_brg_BRG_CF_cond_B_002.mat,BRG_CF,BRG_COMBINED,Bearing_Combined,cond_B,train,True
1,D1_BearingTV,bearing,C-B-3.mat,d1_brg_BRG_CF_cond_B_003.mat,BRG_CF,BRG_COMBINED,Bearing_Combined,cond_B,train,True
1,D1_BearingTV,bearing,C-C-1.mat,d1_brg_BRG_CF_cond_C_001.mat,BRG_CF,BRG_COMBINED,Bearing_Combined,cond_C,val,True
1,D1_BearingTV,bearing,C-C-2.mat,d1_brg_BRG_CF_cond_C_002.mat,BRG_CF,BRG_COMBINED,Bearing_Combined,cond_C,val,True
1,D1_BearingTV,bearing,C-C-3.mat,d1_brg_BRG_CF_cond_C_003.mat,BRG_CF,BRG_COMBINED,Bearing_Combined,cond_C,val,True
1,D1_BearingTV,bearing,C-D-1.mat,d1_brg_BRG_CF_cond_D_001.mat,BRG_CF,BRG_COMBINED,Bearing_Combined,cond_D,test,True
1,D1_BearingTV,bearing,C-D-2.mat,d1_brg_BRG_CF_cond_D_002.mat,BRG_CF,BRG_COMBINED,Bearing_Combined,cond_D,test,True
1,D1_BearingTV,bearing,C-D-3.mat,d1_brg_BRG_CF_cond_D_003.mat,BRG_CF,BRG_COMBINED,Bearing_Combined,cond_D,test,True
1,D1_BearingTV,bearing,H-A-1.mat,d1_brg_NOR_cond_A_001.mat,NOR,NOR,Normal,cond_A,train,True
1,D1_BearingTV,bearing,H-A-2.mat,d1_brg_NOR_cond_A_002.mat,NOR,NOR,Normal,cond_A,train,True
1,D1_BearingTV,bearing,H-A-3.mat,d1_brg_NOR_cond_A_003.mat,NOR,NOR,Normal,cond_A,train,True
1,D1_BearingTV,bearing,H-B-1.mat,d1_brg_NOR_cond_B_001.mat,NOR,NOR,Normal,cond_B,train,True
1,D1_BearingTV,bearing,H-B-2.mat,d1_brg_NOR_cond_B_002.mat,NOR,NOR,Normal,cond_B,train,True
1,D1_BearingTV,bearing,H-B-3.mat,d1_brg_NOR_cond_B_003.mat,NOR,NOR,Normal,cond_B,train,True
1,D1_BearingTV,bearing,H-C-1.mat,d1_brg_NOR_cond_C_001.mat,NOR,NOR,Normal,cond_C,val,True
1,D1_BearingTV,bearing,H-C-2.mat,d1_brg_NOR_cond_C_002.mat,NOR,NOR,Normal,cond_C,val,True
1,D1_BearingTV,bearing,H-C-3.mat,d1_brg_NOR_cond_C_003.mat,NOR,NOR,Normal,cond_C,val,True
1,D1_BearingTV,bearing,H-D-1.mat,d1_brg_NOR_cond_D_001.mat,NOR,NOR,Normal,cond_D,test,True
1,D1_BearingTV,bearing,H-D-2.mat,d1_brg_NOR_cond_D_002.mat,NOR,NOR,Normal,cond_D,test,True
1,D1_BearingTV,bearing,H-D-3.mat,d1_brg_NOR_cond_D_003.mat,NOR,NOR,Normal,cond_D,test,True
1,D1_BearingTV,bearing,I-A-1.mat,d1_brg_BRG_IR_cond_A_001.mat,BRG_IR,BRG_SINGLE,Bearing_Inner_Race,cond_A,train,True
1,D1_BearingTV,bearing,I-A-2.mat,d1_brg_BRG_IR_cond_A_002.mat,BRG_IR,BRG_SINGLE,Bearing_Inner_Race,cond_A,train,True
1,D1_BearingTV,bearing,I-A-3.mat,d1_brg_BRG_IR_cond_A_003.mat,BRG_IR,BRG_SINGLE,Bearing_Inner_Race,cond_A,train,True
1,D1_BearingTV,bearing,I-B-1.mat,d1_brg_BRG_IR_cond_B_001.mat,BRG_IR,BRG_SINGLE,Bearing_Inner_Race,cond_B,train,True
1,D1_BearingTV,bearing,I-B-2.mat,d1_brg_BRG_IR_cond_B_002.mat,BRG_IR,BRG_SINGLE,Bearing_Inner_Race,cond_B,train,True
1,D1_BearingTV,bearing,I-B-3.mat,d1_brg_BRG_IR_cond_B_003.mat,BRG_IR,BRG_SINGLE,Bearing_Inner_Race,cond_B,train,True
1,D1_BearingTV,bearing,I-C-1.mat,d1_brg_BRG_IR_cond_C_001.mat,BRG_IR,BRG_SINGLE,Bearing_Inner_Race,cond_C,val,True
1,D1_BearingTV,bearing,I-C-2.mat,d1_brg_BRG_IR_cond_C_002.mat,BRG_IR,BRG_SINGLE,Bearing_Inner_Race,cond_C,val,True
1,D1_BearingTV,bearing,I-C-3.mat,d1_brg_BRG_IR_cond_C_003.mat,BRG_IR,BRG_SINGLE,Bearing_Inner_Race,cond_C,val,True
1,D1_BearingTV,bearing,I-D-1.mat,d1_brg_BRG_IR_cond_D_001.mat,BRG_IR,BRG_SINGLE,Bearing_Inner_Race,cond_D,test,True
1,D1_BearingTV,bearing,I-D-2.mat,d1_brg_BRG_IR_cond_D_002.mat,BRG_IR,BRG_SINGLE,Bearing_Inner_Race,cond_D,test,True
1,D1_BearingTV,bearing,I-D-3.mat,d1_brg_BRG_IR_cond_D_003.mat,BRG_IR,BRG_SINGLE,Bearing_Inner_Race,cond_D,test,True
1,D1_BearingTV,bearing,O-A-1.mat,d1_brg_BRG_OR_cond_A_001.mat,BRG_OR,BRG_SINGLE,Bearing_Outer_Race,cond_A,train,True
1,D1_BearingTV,bearing,O-A-2.mat,d1_brg_BRG_OR_cond_A_002.mat,BRG_OR,BRG_SINGLE,Bearing_Outer_Race,cond_A,train,True
1,D1_BearingTV,bearing,O-A-3.mat,d1_brg_BRG_OR_cond_A_003.mat,BRG_OR,BRG_SINGLE,Bearing_Outer_Race,cond_A,train,True
1,D1_BearingTV,bearing,O-B-1.mat,d1_brg_BRG_OR_cond_B_001.mat,BRG_OR,BRG_SINGLE,Bearing_Outer_Race,cond_B,train,True
1,D1_BearingTV,bearing,O-B-2.mat,d1_brg_BRG_OR_cond_B_002.mat,BRG_OR,BRG_SINGLE,Bearing_Outer_Race,cond_B,train,True
1,D1_BearingTV,bearing,O-B-3.mat,d1_brg_BRG_OR_cond_B_003.mat,BRG_OR,BRG_SINGLE,Bearing_Outer_Race,cond_B,train,True
1,D1_BearingTV,bearing,O-C-1.mat,d1_brg_BRG_OR_cond_C_001.mat,BRG_OR,BRG_SINGLE,Bearing_Outer_Race,cond_C,val,True
1,D1_BearingTV,bearing,O-C-2.mat,d1_brg_BRG_OR_cond_C_002.mat,BRG_OR,BRG_SINGLE,Bearing_Outer_Race,cond_C,val,True
1,D1_BearingTV,bearing,O-C-3.mat,d1_brg_BRG_OR_cond_C_003.mat,BRG_OR,BRG_SINGLE,Bearing_Outer_Race,cond_C,val,True
1,D1_BearingTV,bearing,O-D-1.mat,d1_brg_BRG_OR_cond_D_001.mat,BRG_OR,BRG_SINGLE,Bearing_Outer_Race,cond_D,test,True
1,D1_BearingTV,bearing,O-D-2.mat,d1_brg_BRG_OR_cond_D_002.mat,BRG_OR,BRG_SINGLE,Bearing_Outer_Race,cond_D,test,True
1,D1_BearingTV,bearing,O-D-3.mat,d1_brg_BRG_OR_cond_D_003.mat,BRG_OR,BRG_SINGLE,Bearing_Outer_Race,cond_D,test,True
2,D2_PlanetaryGB,gearbox,B1_20.MAT,d2_gbx_GBX_BT_sensor1_spd20hz_001.mat,GBX_BT,GBX_TOOTH_DAMAGE,Gear_Broken_Tooth,sensor1_spd20hz,train,True
2,D2_PlanetaryGB,gearbox,B1_25.MAT,d2_gbx_GBX_BT_sensor1_spd25hz_001.mat,GBX_BT,GBX_TOOTH_DAMAGE,Gear_Broken_Tooth,sensor1_spd25hz,train,True
2,D2_PlanetaryGB,gearbox,B1_30.MAT,d2_gbx_GBX_BT_sensor1_spd30hz_001.mat,GBX_BT,GBX_TOOTH_DAMAGE,Gear_Broken_Tooth,sensor1_spd30hz,train,True
2,D2_PlanetaryGB,gearbox,B1_35.MAT,d2_gbx_GBX_BT_sensor1_spd35hz_001.mat,GBX_BT,GBX_TOOTH_DAMAGE,Gear_Broken_Tooth,sensor1_spd35hz,train,True
2,D2_PlanetaryGB,gearbox,B1_40.MAT,d2_gbx_GBX_BT_sensor1_spd40hz_001.mat,GBX_BT,GBX_TOOTH_DAMAGE,Gear_Broken_Tooth,sensor1_spd40hz,val,True
2,D2_PlanetaryGB,gearbox,B1_45.MAT,d2_gbx_GBX_BT_sensor1_spd45hz_001.mat,GBX_BT,GBX_TOOTH_DAMAGE,Gear_Broken_Tooth,sensor1_spd45hz,val,True
2,D2_PlanetaryGB,gearbox,B1_50.MAT,d2_gbx_GBX_BT_sensor1_spd50hz_001.mat,GBX_BT,GBX_TOOTH_DAMAGE,Gear_Broken_Tooth,sensor1_spd50hz,test,True
2,D2_PlanetaryGB,gearbox,B1_55.MAT,d2_gbx_GBX_BT_sensor1_spd55hz_001.mat,GBX_BT,GBX_TOOTH_DAMAGE,Gear_Broken_Tooth,sensor1_spd55hz,test,True
2,D2_PlanetaryGB,gearbox,B2_20.MAT,d2_gbx_GBX_BT_sensor2_spd20hz_002.mat,GBX_BT,GBX_TOOTH_DAMAGE,Gear_Broken_Tooth,sensor2_spd20hz,train,True
2,D2_PlanetaryGB,gearbox,B2_25.MAT,d2_gbx_GBX_BT_sensor2_spd25hz_002.mat,GBX_BT,GBX_TOOTH_DAMAGE,Gear_Broken_Tooth,sensor2_spd25hz,train,True
2,D2_PlanetaryGB,gearbox,B2_30.MAT,d2_gbx_GBX_BT_sensor2_spd30hz_002.mat,GBX_BT,GBX_TOOTH_DAMAGE,Gear_Broken_Tooth,sensor2_spd30hz,train,True
2,D2_PlanetaryGB,gearbox,B2_35.MAT,d2_gbx_GBX_BT_sensor2_spd35hz_002.mat,GBX_BT,GBX_TOOTH_DAMAGE,Gear_Broken_Tooth,sensor2_spd35hz,train,True
2,D2_PlanetaryGB,gearbox,B2_40.MAT,d2_gbx_GBX_BT_sensor2_spd40hz_002.mat,GBX_BT,GBX_TOOTH_DAMAGE,Gear_Broken_Tooth,sensor2_spd40hz,val,True
2,D2_PlanetaryGB,gearbox,B2_45.MAT,d2_gbx_GBX_BT_sensor2_spd45hz_002.mat,GBX_BT,GBX_TOOTH_DAMAGE,Gear_Broken_Tooth,sensor2_spd45hz,val,True
2,D2_PlanetaryGB,gearbox,B2_50.MAT,d2_gbx_GBX_BT_sensor2_spd50hz_002.mat,GBX_BT,GBX_TOOTH_DAMAGE,Gear_Broken_Tooth,sensor2_spd50hz,test,True
2,D2_PlanetaryGB,gearbox,B2_55.MAT,d2_gbx_GBX_BT_sensor2_spd55hz_002.mat,GBX_BT,GBX_TOOTH_DAMAGE,Gear_Broken_Tooth,sensor2_spd55hz,test,True
2,D2_PlanetaryGB,gearbox,N1_20.MAT,d2_gbx_NOR_sensor1_spd20hz_001.mat,NOR,NOR,Normal,sensor1_spd20hz,train,True
2,D2_PlanetaryGB,gearbox,N1_25.MAT,d2_gbx_NOR_sensor1_spd25hz_001.mat,NOR,NOR,Normal,sensor1_spd25hz,train,True
2,D2_PlanetaryGB,gearbox,N1_30.MAT,d2_gbx_NOR_sensor1_spd30hz_001.mat,NOR,NOR,Normal,sensor1_spd30hz,train,True
2,D2_PlanetaryGB,gearbox,N1_35.MAT,d2_gbx_NOR_sensor1_spd35hz_001.mat,NOR,NOR,Normal,sensor1_spd35hz,train,True
2,D2_PlanetaryGB,gearbox,N1_40.MAT,d2_gbx_NOR_sensor1_spd40hz_001.mat,NOR,NOR,Normal,sensor1_spd40hz,val,True
2,D2_PlanetaryGB,gearbox,N1_45.MAT,d2_gbx_NOR_sensor1_spd45hz_001.mat,NOR,NOR,Normal,sensor1_spd45hz,val,True
2,D2_PlanetaryGB,gearbox,N1_50.MAT,d2_gbx_NOR_sensor1_spd50hz_001.mat,NOR,NOR,Normal,sensor1_spd50hz,test,True
2,D2_PlanetaryGB,gearbox,N1_55.MAT,d2_gbx_NOR_sensor1_spd55hz_001.mat,NOR,NOR,Normal,sensor1_spd55hz,test,True
2,D2_PlanetaryGB,gearbox,N2_20.MAT,d2_gbx_NOR_sensor2_spd20hz_002.mat,NOR,NOR,Normal,sensor2_spd20hz,train,True
2,D2_PlanetaryGB,gearbox,N2_25.MAT,d2_gbx_NOR_sensor2_spd25hz_002.mat,NOR,NOR,Normal,sensor2_spd25hz,train,True
2,D2_PlanetaryGB,gearbox,N2_30.MAT,d2_gbx_NOR_sensor2_spd30hz_002.mat,NOR,NOR,Normal,sensor2_spd30hz,train,True
2,D2_PlanetaryGB,gearbox,N2_35.MAT,d2_gbx_NOR_sensor2_spd35hz_002.mat,NOR,NOR,Normal,sensor2_spd35hz,train,True
2,D2_PlanetaryGB,gearbox,N2_40.MAT,d2_gbx_NOR_sensor2_spd40hz_002.mat,NOR,NOR,Normal,sensor2_spd40hz,val,True
2,D2_PlanetaryGB,gearbox,N2_45.MAT,d2_gbx_NOR_sensor2_spd45hz_002.mat,NOR,NOR,Normal,sensor2_spd45hz,val,True
2,D2_PlanetaryGB,gearbox,N2_50.MAT,d2_gbx_NOR_sensor2_spd50hz_002.mat,NOR,NOR,Normal,sensor2_spd50hz,test,True
2,D2_PlanetaryGB,gearbox,N2_55.MAT,d2_gbx_NOR_sensor2_spd55hz_002.mat,NOR,NOR,Normal,sensor2_spd55hz,test,True
2,D2_PlanetaryGB,gearbox,M1_20.MAT,d2_gbx_GBX_MT_sensor1_spd20hz_001.mat,GBX_MT,GBX_TOOTH_DAMAGE,Gear_Missing_Tooth,sensor1_spd20hz,train,True
2,D2_PlanetaryGB,gearbox,M1_25.MAT,d2_gbx_GBX_MT_sensor1_spd25hz_001.mat,GBX_MT,GBX_TOOTH_DAMAGE,Gear_Missing_Tooth,sensor1_spd25hz,train,True
2,D2_PlanetaryGB,gearbox,M1_30.MAT,d2_gbx_GBX_MT_sensor1_spd30hz_001.mat,GBX_MT,GBX_TOOTH_DAMAGE,Gear_Missing_Tooth,sensor1_spd30hz,train,True
2,D2_PlanetaryGB,gearbox,M1_35.MAT,d2_gbx_GBX_MT_sensor1_spd35hz_001.mat,GBX_MT,GBX_TOOTH_DAMAGE,Gear_Missing_Tooth,sensor1_spd35hz,train,True
2,D2_PlanetaryGB,gearbox,M1_40.MAT,d2_gbx_GBX_MT_sensor1_spd40hz_001.mat,GBX_MT,GBX_TOOTH_DAMAGE,Gear_Missing_Tooth,sensor1_spd40hz,val,True
2,D2_PlanetaryGB,gearbox,M1_45.MAT,d2_gbx_GBX_MT_sensor1_spd45hz_001.mat,GBX_MT,GBX_TOOTH_DAMAGE,Gear_Missing_Tooth,sensor1_spd45hz,val,True
2,D2_PlanetaryGB,gearbox,M1_50.MAT,d2_gbx_GBX_MT_sensor1_spd50hz_001.mat,GBX_MT,GBX_TOOTH_DAMAGE,Gear_Missing_Tooth,sensor1_spd50hz,test,True
2,D2_PlanetaryGB,gearbox,M1_55.MAT,d2_gbx_GBX_MT_sensor1_spd55hz_001.mat,GBX_MT,GBX_TOOTH_DAMAGE,Gear_Missing_Tooth,sensor1_spd55hz,test,True
2,D2_PlanetaryGB,gearbox,M2_20.MAT,d2_gbx_GBX_MT_sensor2_spd20hz_002.mat,GBX_MT,GBX_TOOTH_DAMAGE,Gear_Missing_Tooth,sensor2_spd20hz,train,True
2,D2_PlanetaryGB,gearbox,M2_25.MAT,d2_gbx_GBX_MT_sensor2_spd25hz_002.mat,GBX_MT,GBX_TOOTH_DAMAGE,Gear_Missing_Tooth,sensor2_spd25hz,train,True
2,D2_PlanetaryGB,gearbox,M2_30.MAT,d2_gbx_GBX_MT_sensor2_spd30hz_002.mat,GBX_MT,GBX_TOOTH_DAMAGE,Gear_Missing_Tooth,sensor2_spd30hz,train,True
2,D2_PlanetaryGB,gearbox,M2_35.MAT,d2_gbx_GBX_MT_sensor2_spd35hz_002.mat,GBX_MT,GBX_TOOTH_DAMAGE,Gear_Missing_Tooth,sensor2_spd35hz,train,True
2,D2_PlanetaryGB,gearbox,M2_40.MAT,d2_gbx_GBX_MT_sensor2_spd40hz_002.mat,GBX_MT,GBX_TOOTH_DAMAGE,Gear_Missing_Tooth,sensor2_spd40hz,val,True
2,D2_PlanetaryGB,gearbox,M2_45.MAT,d2_gbx_GBX_MT_sensor2_spd45hz_002.mat,GBX_MT,GBX_TOOTH_DAMAGE,Gear_Missing_Tooth,sensor2_spd45hz,val,True
2,D2_PlanetaryGB,gearbox,M2_50.MAT,d2_gbx_GBX_MT_sensor2_spd50hz_002.mat,GBX_MT,GBX_TOOTH_DAMAGE,Gear_Missing_Tooth,sensor2_spd50hz,test,True
2,D2_PlanetaryGB,gearbox,M2_55.MAT,d2_gbx_GBX_MT_sensor2_spd55hz_002.mat,GBX_MT,GBX_TOOTH_DAMAGE,Gear_Missing_Tooth,sensor2_spd55hz,test,True
2,D2_PlanetaryGB,gearbox,R1_20.MAT,d2_gbx_GBX_RC_sensor1_spd20hz_001.mat,GBX_RC,GBX_CRACK,Gear_Root_Crack,sensor1_spd20hz,train,True
2,D2_PlanetaryGB,gearbox,R1_25.MAT,d2_gbx_GBX_RC_sensor1_spd25hz_001.mat,GBX_RC,GBX_CRACK,Gear_Root_Crack,sensor1_spd25hz,train,True
2,D2_PlanetaryGB,gearbox,R1_30.MAT,d2_gbx_GBX_RC_sensor1_spd30hz_001.mat,GBX_RC,GBX_CRACK,Gear_Root_Crack,sensor1_spd30hz,train,True
2,D2_PlanetaryGB,gearbox,R1_35.MAT,d2_gbx_GBX_RC_sensor1_spd35hz_001.mat,GBX_RC,GBX_CRACK,Gear_Root_Crack,sensor1_spd35hz,train,True
2,D2_PlanetaryGB,gearbox,R1_40.MAT,d2_gbx_GBX_RC_sensor1_spd40hz_001.mat,GBX_RC,GBX_CRACK,Gear_Root_Crack,sensor1_spd40hz,val,True
2,D2_PlanetaryGB,gearbox,R1_45.MAT,d2_gbx_GBX_RC_sensor1_spd45hz_001.mat,GBX_RC,GBX_CRACK,Gear_Root_Crack,sensor1_spd45hz,val,True
2,D2_PlanetaryGB,gearbox,R1_50.MAT,d2_gbx_GBX_RC_sensor1_spd50hz_001.mat,GBX_RC,GBX_CRACK,Gear_Root_Crack,sensor1_spd50hz,test,True
2,D2_PlanetaryGB,gearbox,R1_55.MAT,d2_gbx_GBX_RC_sensor1_spd55hz_001.mat,GBX_RC,GBX_CRACK,Gear_Root_Crack,sensor1_spd55hz,test,True
2,D2_PlanetaryGB,gearbox,R2_20.MAT,d2_gbx_GBX_RC_sensor2_spd20hz_002.mat,GBX_RC,GBX_CRACK,Gear_Root_Crack,sensor2_spd20hz,train,True
2,D2_PlanetaryGB,gearbox,R2_25.MAT,d2_gbx_GBX_RC_sensor2_spd25hz_002.mat,GBX_RC,GBX_CRACK,Gear_Root_Crack,sensor2_spd25hz,train,True
2,D2_PlanetaryGB,gearbox,R2_30.MAT,d2_gbx_GBX_RC_sensor2_spd30hz_002.mat,GBX_RC,GBX_CRACK,Gear_Root_Crack,sensor2_spd30hz,train,True
2,D2_PlanetaryGB,gearbox,R2_35.MAT,d2_gbx_GBX_RC_sensor2_spd35hz_002.mat,GBX_RC,GBX_CRACK,Gear_Root_Crack,sensor2_spd35hz,train,True
2,D2_PlanetaryGB,gearbox,R2_40.MAT,d2_gbx_GBX_RC_sensor2_spd40hz_002.mat,GBX_RC,GBX_CRACK,Gear_Root_Crack,sensor2_spd40hz,val,True
2,D2_PlanetaryGB,gearbox,R2_45.MAT,d2_gbx_GBX_RC_sensor2_spd45hz_002.mat,GBX_RC,GBX_CRACK,Gear_Root_Crack,sensor2_spd45hz,val,True
2,D2_PlanetaryGB,gearbox,R2_50.MAT,d2_gbx_GBX_RC_sensor2_spd50hz_002.mat,GBX_RC,GBX_CRACK,Gear_Root_Crack,sensor2_spd50hz,test,True
2,D2_PlanetaryGB,gearbox,R2_55.MAT,d2_gbx_GBX_RC_sensor2_spd55hz_002.mat,GBX_RC,GBX_CRACK,Gear_Root_Crack,sensor2_spd55hz,test,True
2,D2_PlanetaryGB,gearbox,W1_20.MAT,d2_gbx_GBX_WR_sensor1_spd20hz_001.mat,GBX_WR,GBX_WEAR,Gear_Wear,sensor1_spd20hz,train,True
2,D2_PlanetaryGB,gearbox,W1_25.MAT,d2_gbx_GBX_WR_sensor1_spd25hz_001.mat,GBX_WR,GBX_WEAR,Gear_Wear,sensor1_spd25hz,train,True
2,D2_PlanetaryGB,gearbox,W1_30.MAT,d2_gbx_GBX_WR_sensor1_spd30hz_001.mat,GBX_WR,GBX_WEAR,Gear_Wear,sensor1_spd30hz,train,True
2,D2_PlanetaryGB,gearbox,W1_35.MAT,d2_gbx_GBX_WR_sensor1_spd35hz_001.mat,GBX_WR,GBX_WEAR,Gear_Wear,sensor1_spd35hz,train,True
2,D2_PlanetaryGB,gearbox,W1_40.MAT,d2_gbx_GBX_WR_sensor1_spd40hz_001.mat,GBX_WR,GBX_WEAR,Gear_Wear,sensor1_spd40hz,val,True
2,D2_PlanetaryGB,gearbox,W1_45.MAT,d2_gbx_GBX_WR_sensor1_spd45hz_001.mat,GBX_WR,GBX_WEAR,Gear_Wear,sensor1_spd45hz,val,True
2,D2_PlanetaryGB,gearbox,W1_50.MAT,d2_gbx_GBX_WR_sensor1_spd50hz_001.mat,GBX_WR,GBX_WEAR,Gear_Wear,sensor1_spd50hz,test,True
2,D2_PlanetaryGB,gearbox,W1_55.MAT,d2_gbx_GBX_WR_sensor1_spd55hz_001.mat,GBX_WR,GBX_WEAR,Gear_Wear,sensor1_spd55hz,test,True
2,D2_PlanetaryGB,gearbox,W2_20.MAT,d2_gbx_GBX_WR_sensor2_spd20hz_002.mat,GBX_WR,GBX_WEAR,Gear_Wear,sensor2_spd20hz,train,True
2,D2_PlanetaryGB,gearbox,W2_25.MAT,d2_gbx_GBX_WR_sensor2_spd25hz_002.mat,GBX_WR,GBX_WEAR,Gear_Wear,sensor2_spd25hz,train,True
2,D2_PlanetaryGB,gearbox,W2_30.MAT,d2_gbx_GBX_WR_sensor2_spd30hz_002.mat,GBX_WR,GBX_WEAR,Gear_Wear,sensor2_spd30hz,train,True
2,D2_PlanetaryGB,gearbox,W2_35.MAT,d2_gbx_GBX_WR_sensor2_spd35hz_002.mat,GBX_WR,GBX_WEAR,Gear_Wear,sensor2_spd35hz,train,True
2,D2_PlanetaryGB,gearbox,W2_40.MAT,d2_gbx_GBX_WR_sensor2_spd40hz_002.mat,GBX_WR,GBX_WEAR,Gear_Wear,sensor2_spd40hz,val,True
2,D2_PlanetaryGB,gearbox,W2_45.MAT,d2_gbx_GBX_WR_sensor2_spd45hz_002.mat,GBX_WR,GBX_WEAR,Gear_Wear,sensor2_spd45hz,val,True
2,D2_PlanetaryGB,gearbox,W2_50.MAT,d2_gbx_GBX_WR_sensor2_spd50hz_002.mat,GBX_WR,GBX_WEAR,Gear_Wear,sensor2_spd50hz,test,True
2,D2_PlanetaryGB,gearbox,W2_55.MAT,d2_gbx_GBX_WR_sensor2_spd55hz_002.mat,GBX_WR,GBX_WEAR,Gear_Wear,sensor2_spd55hz,test,True
4,D4_MultiModeGB,gearbox,gear_pitting_H_speed_circulation_10Nm-1000rpm.csv,d4_gbx_GBX_PT_High_modespeed_load10Nm_1000rpm_000.csv,GBX_PT,GBX_WEAR,Gear_Pitting,modespeed_load10Nm_1000rpm,train,True
4,D4_MultiModeGB,gearbox,gear_pitting_H_speed_circulation_10Nm-2000rpm.csv,d4_gbx_GBX_PT_High_modespeed_load10Nm_2000rpm_000.csv,GBX_PT,GBX_WEAR,Gear_Pitting,modespeed_load10Nm_2000rpm,test,True
4,D4_MultiModeGB,gearbox,gear_pitting_H_speed_circulation_10Nm-3000rpm.csv,d4_gbx_GBX_PT_High_modespeed_load10Nm_3000rpm_000.csv,GBX_PT,GBX_WEAR,Gear_Pitting,modespeed_load10Nm_3000rpm,train,True
4,D4_MultiModeGB,gearbox,gear_pitting_H_speed_circulation_20Nm-1000rpm.csv,d4_gbx_GBX_PT_High_modespeed_load20Nm_1000rpm_000.csv,GBX_PT,GBX_WEAR,Gear_Pitting,modespeed_load20Nm_1000rpm,train,True
4,D4_MultiModeGB,gearbox,gear_pitting_H_speed_circulation_20Nm-2000rpm.csv,d4_gbx_GBX_PT_High_modespeed_load20Nm_2000rpm_000.csv,GBX_PT,GBX_WEAR,Gear_Pitting,modespeed_load20Nm_2000rpm,val,True
4,D4_MultiModeGB,gearbox,gear_pitting_H_speed_circulation_20Nm-3000rpm.csv,d4_gbx_GBX_PT_High_modespeed_load20Nm_3000rpm_000.csv,GBX_PT,GBX_WEAR,Gear_Pitting,modespeed_load20Nm_3000rpm,train,True
4,D4_MultiModeGB,gearbox,gear_pitting_H_torque_circulation_1000rpm_10Nm.csv,d4_gbx_GBX_PT_High_modetorque_load10Nm_1000rpm_000.csv,GBX_PT,GBX_WEAR,Gear_Pitting,modetorque_load10Nm_1000rpm,val,True
4,D4_MultiModeGB,gearbox,gear_pitting_H_torque_circulation_1000rpm_20Nm.csv,d4_gbx_GBX_PT_High_modetorque_load20Nm_1000rpm_000.csv,GBX_PT,GBX_WEAR,Gear_Pitting,modetorque_load20Nm_1000rpm,test,True
4,D4_MultiModeGB,gearbox,gear_pitting_H_torque_circulation_2000rpm_10Nm.csv,d4_gbx_GBX_PT_High_modetorque_load10Nm_2000rpm_000.csv,GBX_PT,GBX_WEAR,Gear_Pitting,modetorque_load10Nm_2000rpm,val,True
4,D4_MultiModeGB,gearbox,gear_pitting_H_torque_circulation_2000rpm_20Nm.csv,d4_gbx_GBX_PT_High_modetorque_load20Nm_2000rpm_000.csv,GBX_PT,GBX_WEAR,Gear_Pitting,modetorque_load20Nm_2000rpm,val,True
4,D4_MultiModeGB,gearbox,gear_pitting_H_torque_circulation_3000rpm_10Nm.csv,d4_gbx_GBX_PT_High_modetorque_load10Nm_3000rpm_000.csv,GBX_PT,GBX_WEAR,Gear_Pitting,modetorque_load10Nm_3000rpm,train,True
4,D4_MultiModeGB,gearbox,gear_pitting_H_torque_circulation_3000rpm_20Nm.csv,d4_gbx_GBX_PT_High_modetorque_load20Nm_3000rpm_000.csv,GBX_PT,GBX_WEAR,Gear_Pitting,modetorque_load20Nm_3000rpm,train,True
4,D4_MultiModeGB,gearbox,gear_pitting_L_speed_circulation_10Nm-1000rpm.csv,d4_gbx_GBX_PT_Low_modespeed_load10Nm_1000rpm_000.csv,GBX_PT,GBX_WEAR,Gear_Pitting,modespeed_load10Nm_1000rpm,train,True
4,D4_MultiModeGB,gearbox,gear_pitting_L_speed_circulation_10Nm-2000rpm.csv,d4_gbx_GBX_PT_Low_modespeed_load10Nm_2000rpm_000.csv,GBX_PT,GBX_WEAR,Gear_Pitting,modespeed_load10Nm_2000rpm,train,True
4,D4_MultiModeGB,gearbox,gear_pitting_L_speed_circulation_10Nm-3000rpm.csv,d4_gbx_GBX_PT_Low_modespeed_load10Nm_3000rpm_000.csv,GBX_PT,GBX_WEAR,Gear_Pitting,modespeed_load10Nm_3000rpm,val,True
4,D4_MultiModeGB,gearbox,gear_pitting_L_speed_circulation_20Nm-1000rpm.csv,d4_gbx_GBX_PT_Low_modespeed_load20Nm_1000rpm_000.csv,GBX_PT,GBX_WEAR,Gear_Pitting,modespeed_load20Nm_1000rpm,val,True
4,D4_MultiModeGB,gearbox,gear_pitting_L_speed_circulation_20Nm-2000rpm.csv,d4_gbx_GBX_PT_Low_modespeed_load20Nm_2000rpm_000.csv,GBX_PT,GBX_WEAR,Gear_Pitting,modespeed_load20Nm_2000rpm,train,True
4,D4_MultiModeGB,gearbox,gear_pitting_L_speed_circulation_20Nm-3000rpm.csv,d4_gbx_GBX_PT_Low_modespeed_load20Nm_3000rpm_000.csv,GBX_PT,GBX_WEAR,Gear_Pitting,modespeed_load20Nm_3000rpm,train,True
4,D4_MultiModeGB,gearbox,gear_pitting_L_torque_circulation_1000rpm_10Nm.csv,d4_gbx_GBX_PT_Low_modetorque_load10Nm_1000rpm_000.csv,GBX_PT,GBX_WEAR,Gear_Pitting,modetorque_load10Nm_1000rpm,train,True
4,D4_MultiModeGB,gearbox,gear_pitting_L_torque_circulation_1000rpm_20Nm.csv,d4_gbx_GBX_PT_Low_modetorque_load20Nm_1000rpm_000.csv,GBX_PT,GBX_WEAR,Gear_Pitting,modetorque_load20Nm_1000rpm,train,True
4,D4_MultiModeGB,gearbox,gear_pitting_L_torque_circulation_2000rpm_10Nm.csv,d4_gbx_GBX_PT_Low_modetorque_load10Nm_2000rpm_000.csv,GBX_PT,GBX_WEAR,Gear_Pitting,modetorque_load10Nm_2000rpm,train,True
4,D4_MultiModeGB,gearbox,gear_pitting_L_torque_circulation_2000rpm_20Nm.csv,d4_gbx_GBX_PT_Low_modetorque_load20Nm_2000rpm_000.csv,GBX_PT,GBX_WEAR,Gear_Pitting,modetorque_load20Nm_2000rpm,test,True
4,D4_MultiModeGB,gearbox,gear_pitting_L_torque_circulation_3000rpm_10Nm.csv,d4_gbx_GBX_PT_Low_modetorque_load10Nm_3000rpm_000.csv,GBX_PT,GBX_WEAR,Gear_Pitting,modetorque_load10Nm_3000rpm,train,True
4,D4_MultiModeGB,gearbox,gear_pitting_L_torque_circulation_3000rpm_20Nm.csv,d4_gbx_GBX_PT_Low_modetorque_load20Nm_3000rpm_000.csv,GBX_PT,GBX_WEAR,Gear_Pitting,modetorque_load20Nm_3000rpm,test,True
4,D4_MultiModeGB,gearbox,gear_pitting_M_speed_circulation_10Nm-1000rpm.csv,d4_gbx_GBX_PT_Medium_modespeed_load10Nm_1000rpm_000.csv,GBX_PT,GBX_WEAR,Gear_Pitting,modespeed_load10Nm_1000rpm,train,True
4,D4_MultiModeGB,gearbox,gear_pitting_M_speed_circulation_10Nm-2000rpm.csv,d4_gbx_GBX_PT_Medium_modespeed_load10Nm_2000rpm_000.csv,GBX_PT,GBX_WEAR,Gear_Pitting,modespeed_load10Nm_2000rpm,train,True
4,D4_MultiModeGB,gearbox,gear_pitting_M_speed_circulation_10Nm-3000rpm.csv,d4_gbx_GBX_PT_Medium_modespeed_load10Nm_3000rpm_000.csv,GBX_PT,GBX_WEAR,Gear_Pitting,modespeed_load10Nm_3000rpm,train,True
4,D4_MultiModeGB,gearbox,gear_pitting_M_speed_circulation_20Nm-1000rpm.csv,d4_gbx_GBX_PT_Medium_modespeed_load20Nm_1000rpm_000.csv,GBX_PT,GBX_WEAR,Gear_Pitting,modespeed_load20Nm_1000rpm,train,True
4,D4_MultiModeGB,gearbox,gear_pitting_M_speed_circulation_20Nm-2000rpm.csv,d4_gbx_GBX_PT_Medium_modespeed_load20Nm_2000rpm_000.csv,GBX_PT,GBX_WEAR,Gear_Pitting,modespeed_load20Nm_2000rpm,train,True
4,D4_MultiModeGB,gearbox,gear_pitting_M_speed_circulation_20Nm-3000rpm.csv,d4_gbx_GBX_PT_Medium_modespeed_load20Nm_3000rpm_000.csv,GBX_PT,GBX_WEAR,Gear_Pitting,modespeed_load20Nm_3000rpm,test,True
4,D4_MultiModeGB,gearbox,gear_pitting_M_torque_circulation_1000rpm_10Nm.csv,d4_gbx_GBX_PT_Medium_modetorque_load10Nm_1000rpm_000.csv,GBX_PT,GBX_WEAR,Gear_Pitting,modetorque_load10Nm_1000rpm,val,True
4,D4_MultiModeGB,gearbox,gear_pitting_M_torque_circulation_1000rpm_20Nm.csv,d4_gbx_GBX_PT_Medium_modetorque_load20Nm_1000rpm_000.csv,GBX_PT,GBX_WEAR,Gear_Pitting,modetorque_load20Nm_1000rpm,test,True
4,D4_MultiModeGB,gearbox,gear_pitting_M_torque_circulation_2000rpm_10Nm.csv,d4_gbx_GBX_PT_Medium_modetorque_load10Nm_2000rpm_000.csv,GBX_PT,GBX_WEAR,Gear_Pitting,modetorque_load10Nm_2000rpm,train,True
4,D4_MultiModeGB,gearbox,gear_pitting_M_torque_circulation_2000rpm_20Nm.csv,d4_gbx_GBX_PT_Medium_modetorque_load20Nm_2000rpm_000.csv,GBX_PT,GBX_WEAR,Gear_Pitting,modetorque_load20Nm_2000rpm,test,True
4,D4_MultiModeGB,gearbox,gear_pitting_M_torque_circulation_3000rpm_10Nm.csv,d4_gbx_GBX_PT_Medium_modetorque_load10Nm_3000rpm_000.csv,GBX_PT,GBX_WEAR,Gear_Pitting,modetorque_load10Nm_3000rpm,train,True
4,D4_MultiModeGB,gearbox,gear_pitting_M_torque_circulation_3000rpm_20Nm.csv,d4_gbx_GBX_PT_Medium_modetorque_load20Nm_3000rpm_000.csv,GBX_PT,GBX_WEAR,Gear_Pitting,modetorque_load20Nm_3000rpm,train,True
4,D4_MultiModeGB,gearbox,gear_wear_H_speed_circulation_10Nm-1000rpm.csv,d4_gbx_GBX_WR_High_modespeed_load10Nm_1000rpm_000.csv,GBX_WR,GBX_WEAR,Gear_Wear,modespeed_load10Nm_1000rpm,train,True
4,D4_MultiModeGB,gearbox,gear_wear_H_speed_circulation_10Nm-2000rpm.csv,d4_gbx_GBX_WR_High_modespeed_load10Nm_2000rpm_000.csv,GBX_WR,GBX_WEAR,Gear_Wear,modespeed_load10Nm_2000rpm,val,True
4,D4_MultiModeGB,gearbox,gear_wear_H_speed_circulation_10Nm-3000rpm.csv,d4_gbx_GBX_WR_High_modespeed_load10Nm_3000rpm_000.csv,GBX_WR,GBX_WEAR,Gear_Wear,modespeed_load10Nm_3000rpm,train,True
4,D4_MultiModeGB,gearbox,gear_wear_H_speed_circulation_20Nm-1000rpm.csv,d4_gbx_GBX_WR_High_modespeed_load20Nm_1000rpm_000.csv,GBX_WR,GBX_WEAR,Gear_Wear,modespeed_load20Nm_1000rpm,train,True
4,D4_MultiModeGB,gearbox,gear_wear_H_speed_circulation_20Nm-2000rpm.csv,d4_gbx_GBX_WR_High_modespeed_load20Nm_2000rpm_000.csv,GBX_WR,GBX_WEAR,Gear_Wear,modespeed_load20Nm_2000rpm,train,True
4,D4_MultiModeGB,gearbox,gear_wear_H_speed_circulation_20Nm-3000rpm.csv,d4_gbx_GBX_WR_High_modespeed_load20Nm_3000rpm_000.csv,GBX_WR,GBX_WEAR,Gear_Wear,modespeed_load20Nm_3000rpm,test,True
4,D4_MultiModeGB,gearbox,gear_wear_H_torque_circulation_1000rpm_10Nm.csv,d4_gbx_GBX_WR_High_modetorque_load10Nm_1000rpm_000.csv,GBX_WR,GBX_WEAR,Gear_Wear,modetorque_load10Nm_1000rpm,train,True
4,D4_MultiModeGB,gearbox,gear_wear_H_torque_circulation_1000rpm_20Nm.csv,d4_gbx_GBX_WR_High_modetorque_load20Nm_1000rpm_000.csv,GBX_WR,GBX_WEAR,Gear_Wear,modetorque_load20Nm_1000rpm,val,True
4,D4_MultiModeGB,gearbox,gear_wear_H_torque_circulation_2000rpm_10Nm.csv,d4_gbx_GBX_WR_High_modetorque_load10Nm_2000rpm_000.csv,GBX_WR,GBX_WEAR,Gear_Wear,modetorque_load10Nm_2000rpm,train,True
4,D4_MultiModeGB,gearbox,gear_wear_H_torque_circulation_2000rpm_20Nm.csv,d4_gbx_GBX_WR_High_modetorque_load20Nm_2000rpm_000.csv,GBX_WR,GBX_WEAR,Gear_Wear,modetorque_load20Nm_2000rpm,train,True
4,D4_MultiModeGB,gearbox,gear_wear_H_torque_circulation_3000rpm_10Nm.csv,d4_gbx_GBX_WR_High_modetorque_load10Nm_3000rpm_000.csv,GBX_WR,GBX_WEAR,Gear_Wear,modetorque_load10Nm_3000rpm,val,True
4,D4_MultiModeGB,gearbox,gear_wear_H_torque_circulation_3000rpm_20Nm.csv,d4_gbx_GBX_WR_High_modetorque_load20Nm_3000rpm_000.csv,GBX_WR,GBX_WEAR,Gear_Wear,modetorque_load20Nm_3000rpm,train,True
4,D4_MultiModeGB,gearbox,gear_wear_L_speed_circulation_10Nm-1000rpm.csv,d4_gbx_GBX_WR_Low_modespeed_load10Nm_1000rpm_000.csv,GBX_WR,GBX_WEAR,Gear_Wear,modespeed_load10Nm_1000rpm,test,True
4,D4_MultiModeGB,gearbox,gear_wear_L_speed_circulation_10Nm-2000rpm.csv,d4_gbx_GBX_WR_Low_modespeed_load10Nm_2000rpm_000.csv,GBX_WR,GBX_WEAR,Gear_Wear,modespeed_load10Nm_2000rpm,test,True
4,D4_MultiModeGB,gearbox,gear_wear_L_speed_circulation_10Nm-3000rpm.csv,d4_gbx_GBX_WR_Low_modespeed_load10Nm_3000rpm_000.csv,GBX_WR,GBX_WEAR,Gear_Wear,modespeed_load10Nm_3000rpm,train,True
4,D4_MultiModeGB,gearbox,gear_wear_L_speed_circulation_20Nm-1000rpm.csv,d4_gbx_GBX_WR_Low_modespeed_load20Nm_1000rpm_000.csv,GBX_WR,GBX_WEAR,Gear_Wear,modespeed_load20Nm_1000rpm,train,True
4,D4_MultiModeGB,gearbox,gear_wear_L_speed_circulation_20Nm-2000rpm.csv,d4_gbx_GBX_WR_Low_modespeed_load20Nm_2000rpm_000.csv,GBX_WR,GBX_WEAR,Gear_Wear,modespeed_load20Nm_2000rpm,train,True
4,D4_MultiModeGB,gearbox,gear_wear_L_speed_circulation_20Nm-3000rpm.csv,d4_gbx_GBX_WR_Low_modespeed_load20Nm_3000rpm_000.csv,GBX_WR,GBX_WEAR,Gear_Wear,modespeed_load20Nm_3000rpm,train,True
4,D4_MultiModeGB,gearbox,gear_wear_L_torque_circulation_1000rpm_10Nm.csv,d4_gbx_GBX_WR_Low_modetorque_load10Nm_1000rpm_000.csv,GBX_WR,GBX_WEAR,Gear_Wear,modetorque_load10Nm_1000rpm,val,True
4,D4_MultiModeGB,gearbox,gear_wear_L_torque_circulation_1000rpm_20Nm.csv,d4_gbx_GBX_WR_Low_modetorque_load20Nm_1000rpm_000.csv,GBX_WR,GBX_WEAR,Gear_Wear,modetorque_load20Nm_1000rpm,val,True
4,D4_MultiModeGB,gearbox,gear_wear_L_torque_circulation_2000rpm_10Nm.csv,d4_gbx_GBX_WR_Low_modetorque_load10Nm_2000rpm_000.csv,GBX_WR,GBX_WEAR,Gear_Wear,modetorque_load10Nm_2000rpm,train,True
4,D4_MultiModeGB,gearbox,gear_wear_L_torque_circulation_2000rpm_20Nm.csv,d4_gbx_GBX_WR_Low_modetorque_load20Nm_2000rpm_000.csv,GBX_WR,GBX_WEAR,Gear_Wear,modetorque_load20Nm_2000rpm,test,True
4,D4_MultiModeGB,gearbox,gear_wear_L_torque_circulation_3000rpm_10Nm.csv,d4_gbx_GBX_WR_Low_modetorque_load10Nm_3000rpm_000.csv,GBX_WR,GBX_WEAR,Gear_Wear,modetorque_load10Nm_3000rpm,train,True
4,D4_MultiModeGB,gearbox,gear_wear_L_torque_circulation_3000rpm_20Nm.csv,d4_gbx_GBX_WR_Low_modetorque_load20Nm_3000rpm_000.csv,GBX_WR,GBX_WEAR,Gear_Wear,modetorque_load20Nm_3000rpm,test,True
4,D4_MultiModeGB,gearbox,gear_wear_M_speed_circulation_10Nm-1000rpm.csv,d4_gbx_GBX_WR_Medium_modespeed_load10Nm_1000rpm_000.csv,GBX_WR,GBX_WEAR,Gear_Wear,modespeed_load10Nm_1000rpm,train,True
4,D4_MultiModeGB,gearbox,gear_wear_M_speed_circulation_10Nm-2000rpm.csv,d4_gbx_GBX_WR_Medium_modespeed_load10Nm_2000rpm_000.csv,GBX_WR,GBX_WEAR,Gear_Wear,modespeed_load10Nm_2000rpm,val,True
4,D4_MultiModeGB,gearbox,gear_wear_M_speed_circulation_10Nm-3000rpm.csv,d4_gbx_GBX_WR_Medium_modespeed_load10Nm_3000rpm_000.csv,GBX_WR,GBX_WEAR,Gear_Wear,modespeed_load10Nm_3000rpm,train,True
4,D4_MultiModeGB,gearbox,gear_wear_M_speed_circulation_20Nm-1000rpm.csv,d4_gbx_GBX_WR_Medium_modespeed_load20Nm_1000rpm_000.csv,GBX_WR,GBX_WEAR,Gear_Wear,modespeed_load20Nm_1000rpm,train,True
4,D4_MultiModeGB,gearbox,gear_wear_M_speed_circulation_20Nm-2000rpm.csv,d4_gbx_GBX_WR_Medium_modespeed_load20Nm_2000rpm_000.csv,GBX_WR,GBX_WEAR,Gear_Wear,modespeed_load20Nm_2000rpm,test,True
4,D4_MultiModeGB,gearbox,gear_wear_M_speed_circulation_20Nm-3000rpm.csv,d4_gbx_GBX_WR_Medium_modespeed_load20Nm_3000rpm_000.csv,GBX_WR,GBX_WEAR,Gear_Wear,modespeed_load20Nm_3000rpm,test,True
4,D4_MultiModeGB,gearbox,gear_wear_M_torque_circulation_1000rpm_10Nm.csv,d4_gbx_GBX_WR_Medium_modetorque_load10Nm_1000rpm_000.csv,GBX_WR,GBX_WEAR,Gear_Wear,modetorque_load10Nm_1000rpm,train,True
4,D4_MultiModeGB,gearbox,gear_wear_M_torque_circulation_1000rpm_20Nm.csv,d4_gbx_GBX_WR_Medium_modetorque_load20Nm_1000rpm_000.csv,GBX_WR,GBX_WEAR,Gear_Wear,modetorque_load20Nm_1000rpm,train,True
4,D4_MultiModeGB,gearbox,gear_wear_M_torque_circulation_2000rpm_10Nm.csv,d4_gbx_GBX_WR_Medium_modetorque_load10Nm_2000rpm_000.csv,GBX_WR,GBX_WEAR,Gear_Wear,modetorque_load10Nm_2000rpm,train,True
4,D4_MultiModeGB,gearbox,gear_wear_M_torque_circulation_2000rpm_20Nm.csv,d4_gbx_GBX_WR_Medium_modetorque_load20Nm_2000rpm_000.csv,GBX_WR,GBX_WEAR,Gear_Wear,modetorque_load20Nm_2000rpm,val,True
4,D4_MultiModeGB,gearbox,gear_wear_M_torque_circulation_3000rpm_10Nm.csv,d4_gbx_GBX_WR_Medium_modetorque_load10Nm_3000rpm_000.csv,GBX_WR,GBX_WEAR,Gear_Wear,modetorque_load10Nm_3000rpm,train,True
4,D4_MultiModeGB,gearbox,gear_wear_M_torque_circulation_3000rpm_20Nm.csv,d4_gbx_GBX_WR_Medium_modetorque_load20Nm_3000rpm_000.csv,GBX_WR,GBX_WEAR,Gear_Wear,modetorque_load20Nm_3000rpm,train,True
4,D4_MultiModeGB,gearbox,health_speed_circulation_10Nm-1000rpm.csv,d4_gbx_NOR_modespeed_load10Nm_1000rpm_000.csv,NOR,NOR,Normal,modespeed_load10Nm_1000rpm,test,True
4,D4_MultiModeGB,gearbox,health_speed_circulation_10Nm-2000rpm.csv,d4_gbx_NOR_modespeed_load10Nm_2000rpm_000.csv,NOR,NOR,Normal,modespeed_load10Nm_2000rpm,train,True
4,D4_MultiModeGB,gearbox,health_speed_circulation_10Nm-3000rpm.csv,d4_gbx_NOR_modespeed_load10Nm_3000rpm_000.csv,NOR,NOR,Normal,modespeed_load10Nm_3000rpm,train,True
4,D4_MultiModeGB,gearbox,health_speed_circulation_20Nm-1000rpm.csv,d4_gbx_NOR_modespeed_load20Nm_1000rpm_000.csv,NOR,NOR,Normal,modespeed_load20Nm_1000rpm,train,True
4,D4_MultiModeGB,gearbox,health_speed_circulation_20Nm-2000rpm.csv,d4_gbx_NOR_modespeed_load20Nm_2000rpm_000.csv,NOR,NOR,Normal,modespeed_load20Nm_2000rpm,train,True
4,D4_MultiModeGB,gearbox,health_speed_circulation_20Nm-3000rpm.csv,d4_gbx_NOR_modespeed_load20Nm_3000rpm_000.csv,NOR,NOR,Normal,modespeed_load20Nm_3000rpm,test,True
4,D4_MultiModeGB,gearbox,health_torque_circulation_1000rpm_10Nm.csv,d4_gbx_NOR_modetorque_load10Nm_1000rpm_000.csv,NOR,NOR,Normal,modetorque_load10Nm_1000rpm,test,True
4,D4_MultiModeGB,gearbox,health_torque_circulation_1000rpm_20Nm.csv,d4_gbx_NOR_modetorque_load20Nm_1000rpm_000.csv,NOR,NOR,Normal,modetorque_load20Nm_1000rpm,val,True
4,D4_MultiModeGB,gearbox,health_torque_circulation_2000rpm_10Nm.csv,d4_gbx_NOR_modetorque_load10Nm_2000rpm_000.csv,NOR,NOR,Normal,modetorque_load10Nm_2000rpm,train,True
4,D4_MultiModeGB,gearbox,health_torque_circulation_2000rpm_20Nm.csv,d4_gbx_NOR_modetorque_load20Nm_2000rpm_000.csv,NOR,NOR,Normal,modetorque_load20Nm_2000rpm,train,True
4,D4_MultiModeGB,gearbox,health_torque_circulation_3000rpm_10Nm.csv,d4_gbx_NOR_modetorque_load10Nm_3000rpm_000.csv,NOR,NOR,Normal,modetorque_load10Nm_3000rpm,val,True
4,D4_MultiModeGB,gearbox,health_torque_circulation_3000rpm_20Nm.csv,d4_gbx_NOR_modetorque_load20Nm_3000rpm_000.csv,NOR,NOR,Normal,modetorque_load20Nm_3000rpm,train,True
4,D4_MultiModeGB,gearbox,miss_teeth_speed_circulation_10Nm-1000rpm.csv,d4_gbx_GBX_MT_modespeed_load10Nm_1000rpm_000.csv,GBX_MT,GBX_TOOTH_DAMAGE,Gear_Missing_Tooth,modespeed_load10Nm_1000rpm,train,True
4,D4_MultiModeGB,gearbox,miss_teeth_speed_circulation_10Nm-2000rpm.csv,d4_gbx_GBX_MT_modespeed_load10Nm_2000rpm_000.csv,GBX_MT,GBX_TOOTH_DAMAGE,Gear_Missing_Tooth,modespeed_load10Nm_2000rpm,train,True
4,D4_MultiModeGB,gearbox,miss_teeth_speed_circulation_10Nm-3000rpm.csv,d4_gbx_GBX_MT_modespeed_load10Nm_3000rpm_000.csv,GBX_MT,GBX_TOOTH_DAMAGE,Gear_Missing_Tooth,modespeed_load10Nm_3000rpm,train,True
4,D4_MultiModeGB,gearbox,miss_teeth_speed_circulation_20Nm-1000rpm.csv,d4_gbx_GBX_MT_modespeed_load20Nm_1000rpm_000.csv,GBX_MT,GBX_TOOTH_DAMAGE,Gear_Missing_Tooth,modespeed_load20Nm_1000rpm,train,True
4,D4_MultiModeGB,gearbox,miss_teeth_speed_circulation_20Nm-2000rpm.csv,d4_gbx_GBX_MT_modespeed_load20Nm_2000rpm_000.csv,GBX_MT,GBX_TOOTH_DAMAGE,Gear_Missing_Tooth,modespeed_load20Nm_2000rpm,test,True
4,D4_MultiModeGB,gearbox,miss_teeth_speed_circulation_20Nm-3000rpm.csv,d4_gbx_GBX_MT_modespeed_load20Nm_3000rpm_000.csv,GBX_MT,GBX_TOOTH_DAMAGE,Gear_Missing_Tooth,modespeed_load20Nm_3000rpm,test,True
4,D4_MultiModeGB,gearbox,miss_teeth_torque_circulation_1000rpm_10Nm.csv,d4_gbx_GBX_MT_modetorque_load10Nm_1000rpm_000.csv,GBX_MT,GBX_TOOTH_DAMAGE,Gear_Missing_Tooth,modetorque_load10Nm_1000rpm,val,True
4,D4_MultiModeGB,gearbox,miss_teeth_torque_circulation_1000rpm_20Nm.csv,d4_gbx_GBX_MT_modetorque_load20Nm_1000rpm_000.csv,GBX_MT,GBX_TOOTH_DAMAGE,Gear_Missing_Tooth,modetorque_load20Nm_1000rpm,train,True
4,D4_MultiModeGB,gearbox,miss_teeth_torque_circulation_2000rpm_10Nm.csv,d4_gbx_GBX_MT_modetorque_load10Nm_2000rpm_000.csv,GBX_MT,GBX_TOOTH_DAMAGE,Gear_Missing_Tooth,modetorque_load10Nm_2000rpm,train,True
4,D4_MultiModeGB,gearbox,miss_teeth_torque_circulation_2000rpm_20Nm.csv,d4_gbx_GBX_MT_modetorque_load20Nm_2000rpm_000.csv,GBX_MT,GBX_TOOTH_DAMAGE,Gear_Missing_Tooth,modetorque_load20Nm_2000rpm,train,True
4,D4_MultiModeGB,gearbox,miss_teeth_torque_circulation_3000rpm_10Nm.csv,d4_gbx_GBX_MT_modetorque_load10Nm_3000rpm_000.csv,GBX_MT,GBX_TOOTH_DAMAGE,Gear_Missing_Tooth,modetorque_load10Nm_3000rpm,test,True
4,D4_MultiModeGB,gearbox,miss_teeth_torque_circulation_3000rpm_20Nm.csv,d4_gbx_GBX_MT_modetorque_load20Nm_3000rpm_000.csv,GBX_MT,GBX_TOOTH_DAMAGE,Gear_Missing_Tooth,modetorque_load20Nm_3000rpm,val,True
4,D4_MultiModeGB,gearbox,teeth_break_H_speed_circulation_10Nm-1000rpm.csv,d4_gbx_GBX_BT_High_modespeed_load10Nm_1000rpm_000.csv,GBX_BT,GBX_TOOTH_DAMAGE,Gear_Broken_Tooth,modespeed_load10Nm_1000rpm,val,True
4,D4_MultiModeGB,gearbox,teeth_break_H_speed_circulation_10Nm-2000rpm.csv,d4_gbx_GBX_BT_High_modespeed_load10Nm_2000rpm_000.csv,GBX_BT,GBX_TOOTH_DAMAGE,Gear_Broken_Tooth,modespeed_load10Nm_2000rpm,test,True
4,D4_MultiModeGB,gearbox,teeth_break_H_speed_circulation_10Nm-3000rpm.csv,d4_gbx_GBX_BT_High_modespeed_load10Nm_3000rpm_000.csv,GBX_BT,GBX_TOOTH_DAMAGE,Gear_Broken_Tooth,modespeed_load10Nm_3000rpm,test,True
4,D4_MultiModeGB,gearbox,teeth_break_H_speed_circulation_20Nm-1000rpm.csv,d4_gbx_GBX_BT_High_modespeed_load20Nm_1000rpm_000.csv,GBX_BT,GBX_TOOTH_DAMAGE,Gear_Broken_Tooth,modespeed_load20Nm_1000rpm,val,True
4,D4_MultiModeGB,gearbox,teeth_break_H_speed_circulation_20Nm-2000rpm.csv,d4_gbx_GBX_BT_High_modespeed_load20Nm_2000rpm_000.csv,GBX_BT,GBX_TOOTH_DAMAGE,Gear_Broken_Tooth,modespeed_load20Nm_2000rpm,train,True
4,D4_MultiModeGB,gearbox,teeth_break_H_speed_circulation_20Nm-3000rpm.csv,d4_gbx_GBX_BT_High_modespeed_load20Nm_3000rpm_000.csv,GBX_BT,GBX_TOOTH_DAMAGE,Gear_Broken_Tooth,modespeed_load20Nm_3000rpm,train,True
4,D4_MultiModeGB,gearbox,teeth_break_H_torque_circulation_1000rpm_10Nm.csv,d4_gbx_GBX_BT_High_modetorque_load10Nm_1000rpm_000.csv,GBX_BT,GBX_TOOTH_DAMAGE,Gear_Broken_Tooth,modetorque_load10Nm_1000rpm,train,True
4,D4_MultiModeGB,gearbox,teeth_break_H_torque_circulation_1000rpm_20Nm.csv,d4_gbx_GBX_BT_High_modetorque_load20Nm_1000rpm_000.csv,GBX_BT,GBX_TOOTH_DAMAGE,Gear_Broken_Tooth,modetorque_load20Nm_1000rpm,train,True
4,D4_MultiModeGB,gearbox,teeth_break_H_torque_circulation_2000rpm_10Nm.csv,d4_gbx_GBX_BT_High_modetorque_load10Nm_2000rpm_000.csv,GBX_BT,GBX_TOOTH_DAMAGE,Gear_Broken_Tooth,modetorque_load10Nm_2000rpm,test,True
4,D4_MultiModeGB,gearbox,teeth_break_H_torque_circulation_2000rpm_20Nm.csv,d4_gbx_GBX_BT_High_modetorque_load20Nm_2000rpm_000.csv,GBX_BT,GBX_TOOTH_DAMAGE,Gear_Broken_Tooth,modetorque_load20Nm_2000rpm,train,True
4,D4_MultiModeGB,gearbox,teeth_break_H_torque_circulation_3000rpm_10Nm.csv,d4_gbx_GBX_BT_High_modetorque_load10Nm_3000rpm_000.csv,GBX_BT,GBX_TOOTH_DAMAGE,Gear_Broken_Tooth,modetorque_load10Nm_3000rpm,train,True
4,D4_MultiModeGB,gearbox,teeth_break_H_torque_circulation_3000rpm_20Nm.csv,d4_gbx_GBX_BT_High_modetorque_load20Nm_3000rpm_000.csv,GBX_BT,GBX_TOOTH_DAMAGE,Gear_Broken_Tooth,modetorque_load20Nm_3000rpm,test,True
4,D4_MultiModeGB,gearbox,teeth_break_L_speed_circulation_10Nm-1000rpm.csv,d4_gbx_GBX_BT_Low_modespeed_load10Nm_1000rpm_000.csv,GBX_BT,GBX_TOOTH_DAMAGE,Gear_Broken_Tooth,modespeed_load10Nm_1000rpm,val,True
4,D4_MultiModeGB,gearbox,teeth_break_L_speed_circulation_10Nm-2000rpm.csv,d4_gbx_GBX_BT_Low_modespeed_load10Nm_2000rpm_000.csv,GBX_BT,GBX_TOOTH_DAMAGE,Gear_Broken_Tooth,modespeed_load10Nm_2000rpm,test,True
4,D4_MultiModeGB,gearbox,teeth_break_L_speed_circulation_10Nm-3000rpm.csv,d4_gbx_GBX_BT_Low_modespeed_load10Nm_3000rpm_000.csv,GBX_BT,GBX_TOOTH_DAMAGE,Gear_Broken_Tooth,modespeed_load10Nm_3000rpm,test,True
4,D4_MultiModeGB,gearbox,teeth_break_L_speed_circulation_20Nm-1000rpm.csv,d4_gbx_GBX_BT_Low_modespeed_load20Nm_1000rpm_000.csv,GBX_BT,GBX_TOOTH_DAMAGE,Gear_Broken_Tooth,modespeed_load20Nm_1000rpm,val,True
4,D4_MultiModeGB,gearbox,teeth_break_L_speed_circulation_20Nm-2000rpm.csv,d4_gbx_GBX_BT_Low_modespeed_load20Nm_2000rpm_000.csv,GBX_BT,GBX_TOOTH_DAMAGE,Gear_Broken_Tooth,modespeed_load20Nm_2000rpm,train,True
4,D4_MultiModeGB,gearbox,teeth_break_L_speed_circulation_20Nm-3000rpm.csv,d4_gbx_GBX_BT_Low_modespeed_load20Nm_3000rpm_000.csv,GBX_BT,GBX_TOOTH_DAMAGE,Gear_Broken_Tooth,modespeed_load20Nm_3000rpm,val,True
4,D4_MultiModeGB,gearbox,teeth_break_L_torque_circulation_1000rpm_10Nm.csv,d4_gbx_GBX_BT_Low_modetorque_load10Nm_1000rpm_000.csv,GBX_BT,GBX_TOOTH_DAMAGE,Gear_Broken_Tooth,modetorque_load10Nm_1000rpm,train,True
4,D4_MultiModeGB,gearbox,teeth_break_L_torque_circulation_1000rpm_20Nm.csv,d4_gbx_GBX_BT_Low_modetorque_load20Nm_1000rpm_000.csv,GBX_BT,GBX_TOOTH_DAMAGE,Gear_Broken_Tooth,modetorque_load20Nm_1000rpm,train,True
4,D4_MultiModeGB,gearbox,teeth_break_L_torque_circulation_2000rpm_10Nm.csv,d4_gbx_GBX_BT_Low_modetorque_load10Nm_2000rpm_000.csv,GBX_BT,GBX_TOOTH_DAMAGE,Gear_Broken_Tooth,modetorque_load10Nm_2000rpm,train,True
4,D4_MultiModeGB,gearbox,teeth_break_L_torque_circulation_2000rpm_20Nm.csv,d4_gbx_GBX_BT_Low_modetorque_load20Nm_2000rpm_000.csv,GBX_BT,GBX_TOOTH_DAMAGE,Gear_Broken_Tooth,modetorque_load20Nm_2000rpm,val,True
4,D4_MultiModeGB,gearbox,teeth_break_L_torque_circulation_3000rpm_10Nm.csv,d4_gbx_GBX_BT_Low_modetorque_load10Nm_3000rpm_000.csv,GBX_BT,GBX_TOOTH_DAMAGE,Gear_Broken_Tooth,modetorque_load10Nm_3000rpm,train,True
4,D4_MultiModeGB,gearbox,teeth_break_L_torque_circulation_3000rpm_20Nm.csv,d4_gbx_GBX_BT_Low_modetorque_load20Nm_3000rpm_000.csv,GBX_BT,GBX_TOOTH_DAMAGE,Gear_Broken_Tooth,modetorque_load20Nm_3000rpm,train,True
4,D4_MultiModeGB,gearbox,teeth_break_M_speed_circulation_10Nm-1000rpm.csv,d4_gbx_GBX_BT_Medium_modespeed_load10Nm_1000rpm_000.csv,GBX_BT,GBX_TOOTH_DAMAGE,Gear_Broken_Tooth,modespeed_load10Nm_1000rpm,train,True
4,D4_MultiModeGB,gearbox,teeth_break_M_speed_circulation_10Nm-2000rpm.csv,d4_gbx_GBX_BT_Medium_modespeed_load10Nm_2000rpm_000.csv,GBX_BT,GBX_TOOTH_DAMAGE,Gear_Broken_Tooth,modespeed_load10Nm_2000rpm,train,True
4,D4_MultiModeGB,gearbox,teeth_break_M_speed_circulation_10Nm-3000rpm.csv,d4_gbx_GBX_BT_Medium_modespeed_load10Nm_3000rpm_000.csv,GBX_BT,GBX_TOOTH_DAMAGE,Gear_Broken_Tooth,modespeed_load10Nm_3000rpm,train,True
4,D4_MultiModeGB,gearbox,teeth_break_M_speed_circulation_20Nm-1000rpm.csv,d4_gbx_GBX_BT_Medium_modespeed_load20Nm_1000rpm_000.csv,GBX_BT,GBX_TOOTH_DAMAGE,Gear_Broken_Tooth,modespeed_load20Nm_1000rpm,train,True
4,D4_MultiModeGB,gearbox,teeth_break_M_speed_circulation_20Nm-2000rpm.csv,d4_gbx_GBX_BT_Medium_modespeed_load20Nm_2000rpm_000.csv,GBX_BT,GBX_TOOTH_DAMAGE,Gear_Broken_Tooth,modespeed_load20Nm_2000rpm,train,True
4,D4_MultiModeGB,gearbox,teeth_break_M_speed_circulation_20Nm-3000rpm.csv,d4_gbx_GBX_BT_Medium_modespeed_load20Nm_3000rpm_000.csv,GBX_BT,GBX_TOOTH_DAMAGE,Gear_Broken_Tooth,modespeed_load20Nm_3000rpm,train,True
4,D4_MultiModeGB,gearbox,teeth_break_M_torque_circulation_1000rpm_10Nm.csv,d4_gbx_GBX_BT_Medium_modetorque_load10Nm_1000rpm_000.csv,GBX_BT,GBX_TOOTH_DAMAGE,Gear_Broken_Tooth,modetorque_load10Nm_1000rpm,train,True
4,D4_MultiModeGB,gearbox,teeth_break_M_torque_circulation_1000rpm_20Nm.csv,d4_gbx_GBX_BT_Medium_modetorque_load20Nm_1000rpm_000.csv,GBX_BT,GBX_TOOTH_DAMAGE,Gear_Broken_Tooth,modetorque_load20Nm_1000rpm,val,True
4,D4_MultiModeGB,gearbox,teeth_break_M_torque_circulation_2000rpm_10Nm.csv,d4_gbx_GBX_BT_Medium_modetorque_load10Nm_2000rpm_000.csv,GBX_BT,GBX_TOOTH_DAMAGE,Gear_Broken_Tooth,modetorque_load10Nm_2000rpm,train,True
4,D4_MultiModeGB,gearbox,teeth_break_M_torque_circulation_2000rpm_20Nm.csv,d4_gbx_GBX_BT_Medium_modetorque_load20Nm_2000rpm_000.csv,GBX_BT,GBX_TOOTH_DAMAGE,Gear_Broken_Tooth,modetorque_load20Nm_2000rpm,train,True
4,D4_MultiModeGB,gearbox,teeth_break_M_torque_circulation_3000rpm_10Nm.csv,d4_gbx_GBX_BT_Medium_modetorque_load10Nm_3000rpm_000.csv,GBX_BT,GBX_TOOTH_DAMAGE,Gear_Broken_Tooth,modetorque_load10Nm_3000rpm,test,True
4,D4_MultiModeGB,gearbox,teeth_break_M_torque_circulation_3000rpm_20Nm.csv,d4_gbx_GBX_BT_Medium_modetorque_load20Nm_3000rpm_000.csv,GBX_BT,GBX_TOOTH_DAMAGE,Gear_Broken_Tooth,modetorque_load20Nm_3000rpm,train,True
4,D4_MultiModeGB,gearbox,teeth_break_and_bearing_inner_H_speed_circulation_10Nm-1000rpm.csv,d4_gbx_MIX_TI_High_modespeed_load10Nm_1000rpm_000.csv,MIX_TI,MIXED,Mixed_GearBrokenTooth_IR,modespeed_load10Nm_1000rpm,test,True
4,D4_MultiModeGB,gearbox,teeth_break_and_bearing_inner_H_speed_circulation_10Nm-2000rpm.csv,d4_gbx_MIX_TI_High_modespeed_load10Nm_2000rpm_000.csv,MIX_TI,MIXED,Mixed_GearBrokenTooth_IR,modespeed_load10Nm_2000rpm,train,True
4,D4_MultiModeGB,gearbox,teeth_break_and_bearing_inner_H_speed_circulation_10Nm-3000rpm.csv,d4_gbx_MIX_TI_High_modespeed_load10Nm_3000rpm_000.csv,MIX_TI,MIXED,Mixed_GearBrokenTooth_IR,modespeed_load10Nm_3000rpm,test,True
4,D4_MultiModeGB,gearbox,teeth_break_and_bearing_inner_H_speed_circulation_20Nm-1000rpm.csv,d4_gbx_MIX_TI_High_modespeed_load20Nm_1000rpm_000.csv,MIX_TI,MIXED,Mixed_GearBrokenTooth_IR,modespeed_load20Nm_1000rpm,val,True
4,D4_MultiModeGB,gearbox,teeth_break_and_bearing_inner_H_speed_circulation_20Nm-2000rpm.csv,d4_gbx_MIX_TI_High_modespeed_load20Nm_2000rpm_000.csv,MIX_TI,MIXED,Mixed_GearBrokenTooth_IR,modespeed_load20Nm_2000rpm,train,True
4,D4_MultiModeGB,gearbox,teeth_break_and_bearing_inner_H_speed_circulation_20Nm-3000rpm.csv,d4_gbx_MIX_TI_High_modespeed_load20Nm_3000rpm_000.csv,MIX_TI,MIXED,Mixed_GearBrokenTooth_IR,modespeed_load20Nm_3000rpm,test,True
4,D4_MultiModeGB,gearbox,teeth_break_and_bearing_inner_H_torque_circulation_1000rpm_10Nm.csv,d4_gbx_MIX_TI_High_modetorque_load10Nm_1000rpm_000.csv,MIX_TI,MIXED,Mixed_GearBrokenTooth_IR,modetorque_load10Nm_1000rpm,train,True
4,D4_MultiModeGB,gearbox,teeth_break_and_bearing_inner_H_torque_circulation_1000rpm_20Nm.csv,d4_gbx_MIX_TI_High_modetorque_load20Nm_1000rpm_000.csv,MIX_TI,MIXED,Mixed_GearBrokenTooth_IR,modetorque_load20Nm_1000rpm,train,True
4,D4_MultiModeGB,gearbox,teeth_break_and_bearing_inner_H_torque_circulation_2000rpm_10Nm.csv,d4_gbx_MIX_TI_High_modetorque_load10Nm_2000rpm_000.csv,MIX_TI,MIXED,Mixed_GearBrokenTooth_IR,modetorque_load10Nm_2000rpm,val,True
4,D4_MultiModeGB,gearbox,teeth_break_and_bearing_inner_H_torque_circulation_2000rpm_20Nm.csv,d4_gbx_MIX_TI_High_modetorque_load20Nm_2000rpm_000.csv,MIX_TI,MIXED,Mixed_GearBrokenTooth_IR,modetorque_load20Nm_2000rpm,train,True
4,D4_MultiModeGB,gearbox,teeth_break_and_bearing_inner_H_torque_circulation_3000rpm_10Nm.csv,d4_gbx_MIX_TI_High_modetorque_load10Nm_3000rpm_000.csv,MIX_TI,MIXED,Mixed_GearBrokenTooth_IR,modetorque_load10Nm_3000rpm,train,True
4,D4_MultiModeGB,gearbox,teeth_break_and_bearing_inner_H_torque_circulation_3000rpm_20Nm.csv,d4_gbx_MIX_TI_High_modetorque_load20Nm_3000rpm_000.csv,MIX_TI,MIXED,Mixed_GearBrokenTooth_IR,modetorque_load20Nm_3000rpm,train,True
4,D4_MultiModeGB,gearbox,teeth_break_and_bearing_inner_L_speed_circulation_10Nm-1000rpm.csv,d4_gbx_MIX_TI_Low_modespeed_load10Nm_1000rpm_000.csv,MIX_TI,MIXED,Mixed_GearBrokenTooth_IR,modespeed_load10Nm_1000rpm,test,True
4,D4_MultiModeGB,gearbox,teeth_break_and_bearing_inner_L_speed_circulation_10Nm-2000rpm.csv,d4_gbx_MIX_TI_Low_modespeed_load10Nm_2000rpm_000.csv,MIX_TI,MIXED,Mixed_GearBrokenTooth_IR,modespeed_load10Nm_2000rpm,val,True
4,D4_MultiModeGB,gearbox,teeth_break_and_bearing_inner_L_speed_circulation_10Nm-3000rpm.csv,d4_gbx_MIX_TI_Low_modespeed_load10Nm_3000rpm_000.csv,MIX_TI,MIXED,Mixed_GearBrokenTooth_IR,modespeed_load10Nm_3000rpm,train,True
4,D4_MultiModeGB,gearbox,teeth_break_and_bearing_inner_L_speed_circulation_20Nm-1000rpm.csv,d4_gbx_MIX_TI_Low_modespeed_load20Nm_1000rpm_000.csv,MIX_TI,MIXED,Mixed_GearBrokenTooth_IR,modespeed_load20Nm_1000rpm,train,True
4,D4_MultiModeGB,gearbox,teeth_break_and_bearing_inner_L_speed_circulation_20Nm-2000rpm.csv,d4_gbx_MIX_TI_Low_modespeed_load20Nm_2000rpm_000.csv,MIX_TI,MIXED,Mixed_GearBrokenTooth_IR,modespeed_load20Nm_2000rpm,train,True
4,D4_MultiModeGB,gearbox,teeth_break_and_bearing_inner_L_speed_circulation_20Nm-3000rpm.csv,d4_gbx_MIX_TI_Low_modespeed_load20Nm_3000rpm_000.csv,MIX_TI,MIXED,Mixed_GearBrokenTooth_IR,modespeed_load20Nm_3000rpm,train,True
4,D4_MultiModeGB,gearbox,teeth_break_and_bearing_inner_L_torque_circulation_1000rpm_10Nm.csv,d4_gbx_MIX_TI_Low_modetorque_load10Nm_1000rpm_000.csv,MIX_TI,MIXED,Mixed_GearBrokenTooth_IR,modetorque_load10Nm_1000rpm,train,True
4,D4_MultiModeGB,gearbox,teeth_break_and_bearing_inner_L_torque_circulation_1000rpm_20Nm.csv,d4_gbx_MIX_TI_Low_modetorque_load20Nm_1000rpm_000.csv,MIX_TI,MIXED,Mixed_GearBrokenTooth_IR,modetorque_load20Nm_1000rpm,val,True
4,D4_MultiModeGB,gearbox,teeth_break_and_bearing_inner_L_torque_circulation_2000rpm_10Nm.csv,d4_gbx_MIX_TI_Low_modetorque_load10Nm_2000rpm_000.csv,MIX_TI,MIXED,Mixed_GearBrokenTooth_IR,modetorque_load10Nm_2000rpm,val,True
4,D4_MultiModeGB,gearbox,teeth_break_and_bearing_inner_L_torque_circulation_2000rpm_20Nm.csv,d4_gbx_MIX_TI_Low_modetorque_load20Nm_2000rpm_000.csv,MIX_TI,MIXED,Mixed_GearBrokenTooth_IR,modetorque_load20Nm_2000rpm,train,True
4,D4_MultiModeGB,gearbox,teeth_break_and_bearing_inner_L_torque_circulation_3000rpm_10Nm.csv,d4_gbx_MIX_TI_Low_modetorque_load10Nm_3000rpm_000.csv,MIX_TI,MIXED,Mixed_GearBrokenTooth_IR,modetorque_load10Nm_3000rpm,train,True
4,D4_MultiModeGB,gearbox,teeth_break_and_bearing_inner_L_torque_circulation_3000rpm_20Nm.csv,d4_gbx_MIX_TI_Low_modetorque_load20Nm_3000rpm_000.csv,MIX_TI,MIXED,Mixed_GearBrokenTooth_IR,modetorque_load20Nm_3000rpm,train,True
4,D4_MultiModeGB,gearbox,teeth_break_and_bearing_inner_M_speed_circulation_10Nm-1000rpm.csv,d4_gbx_MIX_TI_Medium_modespeed_load10Nm_1000rpm_000.csv,MIX_TI,MIXED,Mixed_GearBrokenTooth_IR,modespeed_load10Nm_1000rpm,train,True
4,D4_MultiModeGB,gearbox,teeth_break_and_bearing_inner_M_speed_circulation_10Nm-2000rpm.csv,d4_gbx_MIX_TI_Medium_modespeed_load10Nm_2000rpm_000.csv,MIX_TI,MIXED,Mixed_GearBrokenTooth_IR,modespeed_load10Nm_2000rpm,train,True
4,D4_MultiModeGB,gearbox,teeth_break_and_bearing_inner_M_speed_circulation_10Nm-3000rpm.csv,d4_gbx_MIX_TI_Medium_modespeed_load10Nm_3000rpm_000.csv,MIX_TI,MIXED,Mixed_GearBrokenTooth_IR,modespeed_load10Nm_3000rpm,train,True
4,D4_MultiModeGB,gearbox,teeth_break_and_bearing_inner_M_speed_circulation_20Nm-1000rpm.csv,d4_gbx_MIX_TI_Medium_modespeed_load20Nm_1000rpm_000.csv,MIX_TI,MIXED,Mixed_GearBrokenTooth_IR,modespeed_load20Nm_1000rpm,test,True
4,D4_MultiModeGB,gearbox,teeth_break_and_bearing_inner_M_speed_circulation_20Nm-2000rpm.csv,d4_gbx_MIX_TI_Medium_modespeed_load20Nm_2000rpm_000.csv,MIX_TI,MIXED,Mixed_GearBrokenTooth_IR,modespeed_load20Nm_2000rpm,train,True
4,D4_MultiModeGB,gearbox,teeth_break_and_bearing_inner_M_speed_circulation_20Nm-3000rpm.csv,d4_gbx_MIX_TI_Medium_modespeed_load20Nm_3000rpm_000.csv,MIX_TI,MIXED,Mixed_GearBrokenTooth_IR,modespeed_load20Nm_3000rpm,val,True
4,D4_MultiModeGB,gearbox,teeth_break_and_bearing_inner_M_torque_circulation_1000rpm_10Nm.csv,d4_gbx_MIX_TI_Medium_modetorque_load10Nm_1000rpm_000.csv,MIX_TI,MIXED,Mixed_GearBrokenTooth_IR,modetorque_load10Nm_1000rpm,train,True
4,D4_MultiModeGB,gearbox,teeth_break_and_bearing_inner_M_torque_circulation_1000rpm_20Nm.csv,d4_gbx_MIX_TI_Medium_modetorque_load20Nm_1000rpm_000.csv,MIX_TI,MIXED,Mixed_GearBrokenTooth_IR,modetorque_load20Nm_1000rpm,train,True
4,D4_MultiModeGB,gearbox,teeth_break_and_bearing_inner_M_torque_circulation_2000rpm_10Nm.csv,d4_gbx_MIX_TI_Medium_modetorque_load10Nm_2000rpm_000.csv,MIX_TI,MIXED,Mixed_GearBrokenTooth_IR,modetorque_load10Nm_2000rpm,train,True
4,D4_MultiModeGB,gearbox,teeth_break_and_bearing_inner_M_torque_circulation_2000rpm_20Nm.csv,d4_gbx_MIX_TI_Medium_modetorque_load20Nm_2000rpm_000.csv,MIX_TI,MIXED,Mixed_GearBrokenTooth_IR,modetorque_load20Nm_2000rpm,val,True
4,D4_MultiModeGB,gearbox,teeth_break_and_bearing_inner_M_torque_circulation_3000rpm_10Nm.csv,d4_gbx_MIX_TI_Medium_modetorque_load10Nm_3000rpm_000.csv,MIX_TI,MIXED,Mixed_GearBrokenTooth_IR,modetorque_load10Nm_3000rpm,test,True
4,D4_MultiModeGB,gearbox,teeth_break_and_bearing_inner_M_torque_circulation_3000rpm_20Nm.csv,d4_gbx_MIX_TI_Medium_modetorque_load20Nm_3000rpm_000.csv,MIX_TI,MIXED,Mixed_GearBrokenTooth_IR,modetorque_load20Nm_3000rpm,test,True
4,D4_MultiModeGB,gearbox,teeth_break_and_bearing_outer_H_speed_circulation_10Nm-1000rpm.csv,d4_gbx_MIX_TO_High_modespeed_load10Nm_1000rpm_000.csv,MIX_TO,MIXED,Mixed_GearBrokenTooth_OR,modespeed_load10Nm_1000rpm,train,True
4,D4_MultiModeGB,gearbox,teeth_break_and_bearing_outer_H_speed_circulation_10Nm-2000rpm.csv,d4_gbx_MIX_TO_High_modespeed_load10Nm_2000rpm_000.csv,MIX_TO,MIXED,Mixed_GearBrokenTooth_OR,modespeed_load10Nm_2000rpm,train,True
4,D4_MultiModeGB,gearbox,teeth_break_and_bearing_outer_H_speed_circulation_10Nm-3000rpm.csv,d4_gbx_MIX_TO_High_modespeed_load10Nm_3000rpm_000.csv,MIX_TO,MIXED,Mixed_GearBrokenTooth_OR,modespeed_load10Nm_3000rpm,test,True
4,D4_MultiModeGB,gearbox,teeth_break_and_bearing_outer_H_speed_circulation_20Nm-1000rpm.csv,d4_gbx_MIX_TO_High_modespeed_load20Nm_1000rpm_000.csv,MIX_TO,MIXED,Mixed_GearBrokenTooth_OR,modespeed_load20Nm_1000rpm,train,True
4,D4_MultiModeGB,gearbox,teeth_break_and_bearing_outer_H_speed_circulation_20Nm-2000rpm.csv,d4_gbx_MIX_TO_High_modespeed_load20Nm_2000rpm_000.csv,MIX_TO,MIXED,Mixed_GearBrokenTooth_OR,modespeed_load20Nm_2000rpm,train,True
4,D4_MultiModeGB,gearbox,teeth_break_and_bearing_outer_H_speed_circulation_20Nm-3000rpm.csv,d4_gbx_MIX_TO_High_modespeed_load20Nm_3000rpm_000.csv,MIX_TO,MIXED,Mixed_GearBrokenTooth_OR,modespeed_load20Nm_3000rpm,val,True
4,D4_MultiModeGB,gearbox,teeth_break_and_bearing_outer_H_torque_circulation_1000rpm_10Nm.csv,d4_gbx_MIX_TO_High_modetorque_load10Nm_1000rpm_000.csv,MIX_TO,MIXED,Mixed_GearBrokenTooth_OR,modetorque_load10Nm_1000rpm,train,True
4,D4_MultiModeGB,gearbox,teeth_break_and_bearing_outer_H_torque_circulation_1000rpm_20Nm.csv,d4_gbx_MIX_TO_High_modetorque_load20Nm_1000rpm_000.csv,MIX_TO,MIXED,Mixed_GearBrokenTooth_OR,modetorque_load20Nm_1000rpm,train,True
4,D4_MultiModeGB,gearbox,teeth_break_and_bearing_outer_H_torque_circulation_2000rpm_10Nm.csv,d4_gbx_MIX_TO_High_modetorque_load10Nm_2000rpm_000.csv,MIX_TO,MIXED,Mixed_GearBrokenTooth_OR,modetorque_load10Nm_2000rpm,train,True
4,D4_MultiModeGB,gearbox,teeth_break_and_bearing_outer_H_torque_circulation_2000rpm_20Nm.csv,d4_gbx_MIX_TO_High_modetorque_load20Nm_2000rpm_000.csv,MIX_TO,MIXED,Mixed_GearBrokenTooth_OR,modetorque_load20Nm_2000rpm,train,True
4,D4_MultiModeGB,gearbox,teeth_break_and_bearing_outer_H_torque_circulation_3000rpm_10Nm.csv,d4_gbx_MIX_TO_High_modetorque_load10Nm_3000rpm_000.csv,MIX_TO,MIXED,Mixed_GearBrokenTooth_OR,modetorque_load10Nm_3000rpm,train,True
4,D4_MultiModeGB,gearbox,teeth_break_and_bearing_outer_H_torque_circulation_3000rpm_20Nm.csv,d4_gbx_MIX_TO_High_modetorque_load20Nm_3000rpm_000.csv,MIX_TO,MIXED,Mixed_GearBrokenTooth_OR,modetorque_load20Nm_3000rpm,train,True
4,D4_MultiModeGB,gearbox,teeth_break_and_bearing_outer_L_speed_circulation_10Nm-1000rpm.csv,d4_gbx_MIX_TO_Low_modespeed_load10Nm_1000rpm_000.csv,MIX_TO,MIXED,Mixed_GearBrokenTooth_OR,modespeed_load10Nm_1000rpm,val,True
4,D4_MultiModeGB,gearbox,teeth_break_and_bearing_outer_L_speed_circulation_10Nm-2000rpm.csv,d4_gbx_MIX_TO_Low_modespeed_load10Nm_2000rpm_000.csv,MIX_TO,MIXED,Mixed_GearBrokenTooth_OR,modespeed_load10Nm_2000rpm,test,True
4,D4_MultiModeGB,gearbox,teeth_break_and_bearing_outer_L_speed_circulation_10Nm-3000rpm.csv,d4_gbx_MIX_TO_Low_modespeed_load10Nm_3000rpm_000.csv,MIX_TO,MIXED,Mixed_GearBrokenTooth_OR,modespeed_load10Nm_3000rpm,test,True
4,D4_MultiModeGB,gearbox,teeth_break_and_bearing_outer_L_speed_circulation_20Nm-1000rpm.csv,d4_gbx_MIX_TO_Low_modespeed_load20Nm_1000rpm_000.csv,MIX_TO,MIXED,Mixed_GearBrokenTooth_OR,modespeed_load20Nm_1000rpm,train,True
4,D4_MultiModeGB,gearbox,teeth_break_and_bearing_outer_L_speed_circulation_20Nm-2000rpm.csv,d4_gbx_MIX_TO_Low_modespeed_load20Nm_2000rpm_000.csv,MIX_TO,MIXED,Mixed_GearBrokenTooth_OR,modespeed_load20Nm_2000rpm,train,True
4,D4_MultiModeGB,gearbox,teeth_break_and_bearing_outer_L_speed_circulation_20Nm-3000rpm.csv,d4_gbx_MIX_TO_Low_modespeed_load20Nm_3000rpm_000.csv,MIX_TO,MIXED,Mixed_GearBrokenTooth_OR,modespeed_load20Nm_3000rpm,val,True
4,D4_MultiModeGB,gearbox,teeth_break_and_bearing_outer_L_torque_circulation_1000rpm_10Nm.csv,d4_gbx_MIX_TO_Low_modetorque_load10Nm_1000rpm_000.csv,MIX_TO,MIXED,Mixed_GearBrokenTooth_OR,modetorque_load10Nm_1000rpm,train,True
4,D4_MultiModeGB,gearbox,teeth_break_and_bearing_outer_L_torque_circulation_1000rpm_20Nm.csv,d4_gbx_MIX_TO_Low_modetorque_load20Nm_1000rpm_000.csv,MIX_TO,MIXED,Mixed_GearBrokenTooth_OR,modetorque_load20Nm_1000rpm,train,True
4,D4_MultiModeGB,gearbox,teeth_break_and_bearing_outer_L_torque_circulation_2000rpm_10Nm.csv,d4_gbx_MIX_TO_Low_modetorque_load10Nm_2000rpm_000.csv,MIX_TO,MIXED,Mixed_GearBrokenTooth_OR,modetorque_load10Nm_2000rpm,test,True
4,D4_MultiModeGB,gearbox,teeth_break_and_bearing_outer_L_torque_circulation_2000rpm_20Nm.csv,d4_gbx_MIX_TO_Low_modetorque_load20Nm_2000rpm_000.csv,MIX_TO,MIXED,Mixed_GearBrokenTooth_OR,modetorque_load20Nm_2000rpm,train,True
4,D4_MultiModeGB,gearbox,teeth_break_and_bearing_outer_L_torque_circulation_3000rpm_10Nm.csv,d4_gbx_MIX_TO_Low_modetorque_load10Nm_3000rpm_000.csv,MIX_TO,MIXED,Mixed_GearBrokenTooth_OR,modetorque_load10Nm_3000rpm,val,True
4,D4_MultiModeGB,gearbox,teeth_break_and_bearing_outer_L_torque_circulation_3000rpm_20Nm.csv,d4_gbx_MIX_TO_Low_modetorque_load20Nm_3000rpm_000.csv,MIX_TO,MIXED,Mixed_GearBrokenTooth_OR,modetorque_load20Nm_3000rpm,test,True
4,D4_MultiModeGB,gearbox,teeth_break_and_bearing_outer_M_speed_circulation_10Nm-1000rpm.csv,d4_gbx_MIX_TO_Medium_modespeed_load10Nm_1000rpm_000.csv,MIX_TO,MIXED,Mixed_GearBrokenTooth_OR,modespeed_load10Nm_1000rpm,val,True
4,D4_MultiModeGB,gearbox,teeth_break_and_bearing_outer_M_speed_circulation_10Nm-2000rpm.csv,d4_gbx_MIX_TO_Medium_modespeed_load10Nm_2000rpm_000.csv,MIX_TO,MIXED,Mixed_GearBrokenTooth_OR,modespeed_load10Nm_2000rpm,val,True
4,D4_MultiModeGB,gearbox,teeth_break_and_bearing_outer_M_speed_circulation_10Nm-3000rpm.csv,d4_gbx_MIX_TO_Medium_modespeed_load10Nm_3000rpm_000.csv,MIX_TO,MIXED,Mixed_GearBrokenTooth_OR,modespeed_load10Nm_3000rpm,test,True
4,D4_MultiModeGB,gearbox,teeth_break_and_bearing_outer_M_speed_circulation_20Nm-1000rpm.csv,d4_gbx_MIX_TO_Medium_modespeed_load20Nm_1000rpm_000.csv,MIX_TO,MIXED,Mixed_GearBrokenTooth_OR,modespeed_load20Nm_1000rpm,train,True
4,D4_MultiModeGB,gearbox,teeth_break_and_bearing_outer_M_speed_circulation_20Nm-2000rpm.csv,d4_gbx_MIX_TO_Medium_modespeed_load20Nm_2000rpm_000.csv,MIX_TO,MIXED,Mixed_GearBrokenTooth_OR,modespeed_load20Nm_2000rpm,train,True
4,D4_MultiModeGB,gearbox,teeth_break_and_bearing_outer_M_speed_circulation_20Nm-3000rpm.csv,d4_gbx_MIX_TO_Medium_modespeed_load20Nm_3000rpm_000.csv,MIX_TO,MIXED,Mixed_GearBrokenTooth_OR,modespeed_load20Nm_3000rpm,val,True
4,D4_MultiModeGB,gearbox,teeth_break_and_bearing_outer_M_torque_circulation_1000rpm_10Nm.csv,d4_gbx_MIX_TO_Medium_modetorque_load10Nm_1000rpm_000.csv,MIX_TO,MIXED,Mixed_GearBrokenTooth_OR,modetorque_load10Nm_1000rpm,train,True
4,D4_MultiModeGB,gearbox,teeth_break_and_bearing_outer_M_torque_circulation_1000rpm_20Nm.csv,d4_gbx_MIX_TO_Medium_modetorque_load20Nm_1000rpm_000.csv,MIX_TO,MIXED,Mixed_GearBrokenTooth_OR,modetorque_load20Nm_1000rpm,test,True
4,D4_MultiModeGB,gearbox,teeth_break_and_bearing_outer_M_torque_circulation_2000rpm_10Nm.csv,d4_gbx_MIX_TO_Medium_modetorque_load10Nm_2000rpm_000.csv,MIX_TO,MIXED,Mixed_GearBrokenTooth_OR,modetorque_load10Nm_2000rpm,train,True
4,D4_MultiModeGB,gearbox,teeth_break_and_bearing_outer_M_torque_circulation_2000rpm_20Nm.csv,d4_gbx_MIX_TO_Medium_modetorque_load20Nm_2000rpm_000.csv,MIX_TO,MIXED,Mixed_GearBrokenTooth_OR,modetorque_load20Nm_2000rpm,train,True
4,D4_MultiModeGB,gearbox,teeth_break_and_bearing_outer_M_torque_circulation_3000rpm_10Nm.csv,d4_gbx_MIX_TO_Medium_modetorque_load10Nm_3000rpm_000.csv,MIX_TO,MIXED,Mixed_GearBrokenTooth_OR,modetorque_load10Nm_3000rpm,train,True
4,D4_MultiModeGB,gearbox,teeth_break_and_bearing_outer_M_torque_circulation_3000rpm_20Nm.csv,d4_gbx_MIX_TO_Medium_modetorque_load20Nm_3000rpm_000.csv,MIX_TO,MIXED,Mixed_GearBrokenTooth_OR,modetorque_load20Nm_3000rpm,train,True
4,D4_MultiModeGB,gearbox,teeth_crack_H_speed_circulation_10Nm-1000rpm.csv,d4_gbx_GBX_CK_High_modespeed_load10Nm_1000rpm_000.csv,GBX_CK,GBX_CRACK,Gear_Crack,modespeed_load10Nm_1000rpm,val,True
4,D4_MultiModeGB,gearbox,teeth_crack_H_speed_circulation_10Nm-2000rpm.csv,d4_gbx_GBX_CK_High_modespeed_load10Nm_2000rpm_000.csv,GBX_CK,GBX_CRACK,Gear_Crack,modespeed_load10Nm_2000rpm,train,True
4,D4_MultiModeGB,gearbox,teeth_crack_H_speed_circulation_10Nm-3000rpm.csv,d4_gbx_GBX_CK_High_modespeed_load10Nm_3000rpm_000.csv,GBX_CK,GBX_CRACK,Gear_Crack,modespeed_load10Nm_3000rpm,val,True
4,D4_MultiModeGB,gearbox,teeth_crack_H_speed_circulation_20Nm-1000rpm.csv,d4_gbx_GBX_CK_High_modespeed_load20Nm_1000rpm_000.csv,GBX_CK,GBX_CRACK,Gear_Crack,modespeed_load20Nm_1000rpm,train,True
4,D4_MultiModeGB,gearbox,teeth_crack_H_speed_circulation_20Nm-2000rpm.csv,d4_gbx_GBX_CK_High_modespeed_load20Nm_2000rpm_000.csv,GBX_CK,GBX_CRACK,Gear_Crack,modespeed_load20Nm_2000rpm,test,True
4,D4_MultiModeGB,gearbox,teeth_crack_H_speed_circulation_20Nm-3000rpm.csv,d4_gbx_GBX_CK_High_modespeed_load20Nm_3000rpm_000.csv,GBX_CK,GBX_CRACK,Gear_Crack,modespeed_load20Nm_3000rpm,train,True
4,D4_MultiModeGB,gearbox,teeth_crack_H_torque_circulation_1000rpm_10Nm.csv,d4_gbx_GBX_CK_High_modetorque_load10Nm_1000rpm_000.csv,GBX_CK,GBX_CRACK,Gear_Crack,modetorque_load10Nm_1000rpm,train,True
4,D4_MultiModeGB,gearbox,teeth_crack_H_torque_circulation_1000rpm_20Nm.csv,d4_gbx_GBX_CK_High_modetorque_load20Nm_1000rpm_000.csv,GBX_CK,GBX_CRACK,Gear_Crack,modetorque_load20Nm_1000rpm,train,True
4,D4_MultiModeGB,gearbox,teeth_crack_H_torque_circulation_2000rpm_10Nm.csv,d4_gbx_GBX_CK_High_modetorque_load10Nm_2000rpm_000.csv,GBX_CK,GBX_CRACK,Gear_Crack,modetorque_load10Nm_2000rpm,train,True
4,D4_MultiModeGB,gearbox,teeth_crack_H_torque_circulation_2000rpm_20Nm.csv,d4_gbx_GBX_CK_High_modetorque_load20Nm_2000rpm_000.csv,GBX_CK,GBX_CRACK,Gear_Crack,modetorque_load20Nm_2000rpm,test,True
4,D4_MultiModeGB,gearbox,teeth_crack_H_torque_circulation_3000rpm_10Nm.csv,d4_gbx_GBX_CK_High_modetorque_load10Nm_3000rpm_000.csv,GBX_CK,GBX_CRACK,Gear_Crack,modetorque_load10Nm_3000rpm,train,True
4,D4_MultiModeGB,gearbox,teeth_crack_H_torque_circulation_3000rpm_20Nm.csv,d4_gbx_GBX_CK_High_modetorque_load20Nm_3000rpm_000.csv,GBX_CK,GBX_CRACK,Gear_Crack,modetorque_load20Nm_3000rpm,val,True
4,D4_MultiModeGB,gearbox,teeth_crack_L_speed_circulation_10Nm-1000rpm.csv,d4_gbx_GBX_CK_Low_modespeed_load10Nm_1000rpm_000.csv,GBX_CK,GBX_CRACK,Gear_Crack,modespeed_load10Nm_1000rpm,train,True
4,D4_MultiModeGB,gearbox,teeth_crack_L_speed_circulation_10Nm-2000rpm.csv,d4_gbx_GBX_CK_Low_modespeed_load10Nm_2000rpm_000.csv,GBX_CK,GBX_CRACK,Gear_Crack,modespeed_load10Nm_2000rpm,train,True
4,D4_MultiModeGB,gearbox,teeth_crack_L_speed_circulation_10Nm-3000rpm.csv,d4_gbx_GBX_CK_Low_modespeed_load10Nm_3000rpm_000.csv,GBX_CK,GBX_CRACK,Gear_Crack,modespeed_load10Nm_3000rpm,val,True
4,D4_MultiModeGB,gearbox,teeth_crack_L_speed_circulation_20Nm-1000rpm.csv,d4_gbx_GBX_CK_Low_modespeed_load20Nm_1000rpm_000.csv,GBX_CK,GBX_CRACK,Gear_Crack,modespeed_load20Nm_1000rpm,test,True
4,D4_MultiModeGB,gearbox,teeth_crack_L_speed_circulation_20Nm-2000rpm.csv,d4_gbx_GBX_CK_Low_modespeed_load20Nm_2000rpm_000.csv,GBX_CK,GBX_CRACK,Gear_Crack,modespeed_load20Nm_2000rpm,test,True
4,D4_MultiModeGB,gearbox,teeth_crack_L_speed_circulation_20Nm-3000rpm.csv,d4_gbx_GBX_CK_Low_modespeed_load20Nm_3000rpm_000.csv,GBX_CK,GBX_CRACK,Gear_Crack,modespeed_load20Nm_3000rpm,train,True
4,D4_MultiModeGB,gearbox,teeth_crack_L_torque_circulation_1000rpm_10Nm.csv,d4_gbx_GBX_CK_Low_modetorque_load10Nm_1000rpm_000.csv,GBX_CK,GBX_CRACK,Gear_Crack,modetorque_load10Nm_1000rpm,train,True
4,D4_MultiModeGB,gearbox,teeth_crack_L_torque_circulation_1000rpm_20Nm.csv,d4_gbx_GBX_CK_Low_modetorque_load20Nm_1000rpm_000.csv,GBX_CK,GBX_CRACK,Gear_Crack,modetorque_load20Nm_1000rpm,val,True
4,D4_MultiModeGB,gearbox,teeth_crack_L_torque_circulation_2000rpm_10Nm.csv,d4_gbx_GBX_CK_Low_modetorque_load10Nm_2000rpm_000.csv,GBX_CK,GBX_CRACK,Gear_Crack,modetorque_load10Nm_2000rpm,val,True
4,D4_MultiModeGB,gearbox,teeth_crack_L_torque_circulation_2000rpm_20Nm.csv,d4_gbx_GBX_CK_Low_modetorque_load20Nm_2000rpm_000.csv,GBX_CK,GBX_CRACK,Gear_Crack,modetorque_load20Nm_2000rpm,train,True
4,D4_MultiModeGB,gearbox,teeth_crack_L_torque_circulation_3000rpm_10Nm.csv,d4_gbx_GBX_CK_Low_modetorque_load10Nm_3000rpm_000.csv,GBX_CK,GBX_CRACK,Gear_Crack,modetorque_load10Nm_3000rpm,train,True
4,D4_MultiModeGB,gearbox,teeth_crack_L_torque_circulation_3000rpm_20Nm.csv,d4_gbx_GBX_CK_Low_modetorque_load20Nm_3000rpm_000.csv,GBX_CK,GBX_CRACK,Gear_Crack,modetorque_load20Nm_3000rpm,test,True
4,D4_MultiModeGB,gearbox,teeth_crack_M_speed_circulation_10Nm-1000rpm.csv,d4_gbx_GBX_CK_Medium_modespeed_load10Nm_1000rpm_000.csv,GBX_CK,GBX_CRACK,Gear_Crack,modespeed_load10Nm_1000rpm,train,True
4,D4_MultiModeGB,gearbox,teeth_crack_M_speed_circulation_10Nm-2000rpm.csv,d4_gbx_GBX_CK_Medium_modespeed_load10Nm_2000rpm_000.csv,GBX_CK,GBX_CRACK,Gear_Crack,modespeed_load10Nm_2000rpm,val,True
4,D4_MultiModeGB,gearbox,teeth_crack_M_speed_circulation_10Nm-3000rpm.csv,d4_gbx_GBX_CK_Medium_modespeed_load10Nm_3000rpm_000.csv,GBX_CK,GBX_CRACK,Gear_Crack,modespeed_load10Nm_3000rpm,train,True
4,D4_MultiModeGB,gearbox,teeth_crack_M_speed_circulation_20Nm-1000rpm.csv,d4_gbx_GBX_CK_Medium_modespeed_load20Nm_1000rpm_000.csv,GBX_CK,GBX_CRACK,Gear_Crack,modespeed_load20Nm_1000rpm,train,True
4,D4_MultiModeGB,gearbox,teeth_crack_M_speed_circulation_20Nm-2000rpm.csv,d4_gbx_GBX_CK_Medium_modespeed_load20Nm_2000rpm_000.csv,GBX_CK,GBX_CRACK,Gear_Crack,modespeed_load20Nm_2000rpm,train,True
4,D4_MultiModeGB,gearbox,teeth_crack_M_speed_circulation_20Nm-3000rpm.csv,d4_gbx_GBX_CK_Medium_modespeed_load20Nm_3000rpm_000.csv,GBX_CK,GBX_CRACK,Gear_Crack,modespeed_load20Nm_3000rpm,train,True
4,D4_MultiModeGB,gearbox,teeth_crack_M_torque_circulation_1000rpm_10Nm.csv,d4_gbx_GBX_CK_Medium_modetorque_load10Nm_1000rpm_000.csv,GBX_CK,GBX_CRACK,Gear_Crack,modetorque_load10Nm_1000rpm,test,True
4,D4_MultiModeGB,gearbox,teeth_crack_M_torque_circulation_1000rpm_20Nm.csv,d4_gbx_GBX_CK_Medium_modetorque_load20Nm_1000rpm_000.csv,GBX_CK,GBX_CRACK,Gear_Crack,modetorque_load20Nm_1000rpm,test,True
4,D4_MultiModeGB,gearbox,teeth_crack_M_torque_circulation_2000rpm_10Nm.csv,d4_gbx_GBX_CK_Medium_modetorque_load10Nm_2000rpm_000.csv,GBX_CK,GBX_CRACK,Gear_Crack,modetorque_load10Nm_2000rpm,train,True
4,D4_MultiModeGB,gearbox,teeth_crack_M_torque_circulation_2000rpm_20Nm.csv,d4_gbx_GBX_CK_Medium_modetorque_load20Nm_2000rpm_000.csv,GBX_CK,GBX_CRACK,Gear_Crack,modetorque_load20Nm_2000rpm,train,True
4,D4_MultiModeGB,gearbox,teeth_crack_M_torque_circulation_3000rpm_10Nm.csv,d4_gbx_GBX_CK_Medium_modetorque_load10Nm_3000rpm_000.csv,GBX_CK,GBX_CRACK,Gear_Crack,modetorque_load10Nm_3000rpm,train,True
4,D4_MultiModeGB,gearbox,teeth_crack_M_torque_circulation_3000rpm_20Nm.csv,d4_gbx_GBX_CK_Medium_modetorque_load20Nm_3000rpm_000.csv,GBX_CK,GBX_CRACK,Gear_Crack,modetorque_load20Nm_3000rpm,train,True
5,D5_MixedBG,bearing,BF_1200.csv,d5_brg_BRG_BF_1200rpm_000.csv,BRG_BF,BRG_SINGLE,Bearing_Ball,1200rpm,train,True
5,D5_MixedBG,bearing,BF_1800.csv,d5_brg_BRG_BF_1800rpm_000.csv,BRG_BF,BRG_SINGLE,Bearing_Ball,1800rpm,val,True
5,D5_MixedBG,bearing,BF_200-2400-200.csv,d5_brg_BRG_BF_200-2400-200_000.csv,BRG_BF,BRG_SINGLE,Bearing_Ball,200-2400-200,robustness,True
5,D5_MixedBG,bearing,BF_2400.csv,d5_brg_BRG_BF_2400rpm_000.csv,BRG_BF,BRG_SINGLE,Bearing_Ball,2400rpm,test,True
5,D5_MixedBG,bearing,CF_1200.csv,d5_brg_BRG_CF_1200rpm_000.csv,BRG_CF,BRG_COMBINED,Bearing_Combined,1200rpm,train,True
5,D5_MixedBG,bearing,CF_1800.csv,d5_brg_BRG_CF_1800rpm_000.csv,BRG_CF,BRG_COMBINED,Bearing_Combined,1800rpm,val,True
5,D5_MixedBG,bearing,CF_200-2400-200.csv,d5_brg_BRG_CF_200-2400-200_000.csv,BRG_CF,BRG_COMBINED,Bearing_Combined,200-2400-200,robustness,True
5,D5_MixedBG,bearing,CF_2400.csv,d5_brg_BRG_CF_2400rpm_000.csv,BRG_CF,BRG_COMBINED,Bearing_Combined,2400rpm,test,True
5,D5_MixedBG,bearing,IF+OF_1200.csv,d5_brg_BRG_IO_1200rpm_000.csv,BRG_IO,BRG_COMBINED,Bearing_Inner_Outer,1200rpm,train,True
5,D5_MixedBG,bearing,IF+OF_1800.csv,d5_brg_BRG_IO_1800rpm_000.csv,BRG_IO,BRG_COMBINED,Bearing_Inner_Outer,1800rpm,val,True
5,D5_MixedBG,bearing,IF+OF_200-2400-200.csv,d5_brg_BRG_IO_200-2400-200_000.csv,BRG_IO,BRG_COMBINED,Bearing_Inner_Outer,200-2400-200,robustness,True
5,D5_MixedBG,bearing,IF+OF_2400.csv,d5_brg_BRG_IO_2400rpm_000.csv,BRG_IO,BRG_COMBINED,Bearing_Inner_Outer,2400rpm,test,True
5,D5_MixedBG,bearing,IF_1200.csv,d5_brg_BRG_IR_1200rpm_000.csv,BRG_IR,BRG_SINGLE,Bearing_Inner_Race,1200rpm,train,True
5,D5_MixedBG,bearing,IF_1800.csv,d5_brg_BRG_IR_1800rpm_000.csv,BRG_IR,BRG_SINGLE,Bearing_Inner_Race,1800rpm,val,True
5,D5_MixedBG,bearing,IF_200-2400-200.csv,d5_brg_BRG_IR_200-2400-200_000.csv,BRG_IR,BRG_SINGLE,Bearing_Inner_Race,200-2400-200,robustness,True
5,D5_MixedBG,bearing,IF_2400.csv,d5_brg_BRG_IR_2400rpm_000.csv,BRG_IR,BRG_SINGLE,Bearing_Inner_Race,2400rpm,test,True
5,D5_MixedBG,bearing,Normal_1200.csv,d5_brg_NOR_1200rpm_000.csv,NOR,NOR,Normal,1200rpm,train,True
5,D5_MixedBG,bearing,Normal_1800.csv,d5_brg_NOR_1800rpm_000.csv,NOR,NOR,Normal,1800rpm,val,True
5,D5_MixedBG,bearing,Normal_200-2400-200.csv,d5_brg_NOR_200-2400-200_000.csv,NOR,NOR,Normal,200-2400-200,robustness,True
5,D5_MixedBG,bearing,Normal_2400.csv,d5_brg_NOR_2400rpm_000.csv,NOR,NOR,Normal,2400rpm,test,True
5,D5_MixedBG,bearing,OF_1200.csv,d5_brg_BRG_OR_1200rpm_000.csv,BRG_OR,BRG_SINGLE,Bearing_Outer_Race,1200rpm,train,True
5,D5_MixedBG,bearing,OF_1800.csv,d5_brg_BRG_OR_1800rpm_000.csv,BRG_OR,BRG_SINGLE,Bearing_Outer_Race,1800rpm,val,True
5,D5_MixedBG,bearing,OF_200-2400-200.csv,d5_brg_BRG_OR_200-2400-200_000.csv,BRG_OR,BRG_SINGLE,Bearing_Outer_Race,200-2400-200,robustness,True
5,D5_MixedBG,bearing,OF_2400.csv,d5_brg_BRG_OR_2400rpm_000.csv,BRG_OR,BRG_SINGLE,Bearing_Outer_Race,2400rpm,test,True
5,D5_MixedBG,gearbox,eccentric gear_1200.csv,d5_gbx_GBX_EG_1200rpm_000.csv,GBX_EG,GBX_ECCENTRIC,Gear_Eccentric,1200rpm,train,True
5,D5_MixedBG,gearbox,eccentric gear_1800.csv,d5_gbx_GBX_EG_1800rpm_000.csv,GBX_EG,GBX_ECCENTRIC,Gear_Eccentric,1800rpm,val,True
5,D5_MixedBG,gearbox,eccentric gear_200-2400-200.csv,d5_gbx_GBX_EG_200-2400-200_000.csv,GBX_EG,GBX_ECCENTRIC,Gear_Eccentric,200-2400-200,robustness,True
5,D5_MixedBG,gearbox,eccentric gear_2400.csv,d5_gbx_GBX_EG_2400rpm_000.csv,GBX_EG,GBX_ECCENTRIC,Gear_Eccentric,2400rpm,test,True
5,D5_MixedBG,gearbox,gear surface wear_1200.csv,d5_gbx_GBX_WR_1200rpm_000.csv,GBX_WR,GBX_WEAR,Gear_Wear,1200rpm,train,True
5,D5_MixedBG,gearbox,gear surface wear_1800.csv,d5_gbx_GBX_WR_1800rpm_000.csv,GBX_WR,GBX_WEAR,Gear_Wear,1800rpm,val,True
5,D5_MixedBG,gearbox,gear surface wear_200-2400-200.csv,d5_gbx_GBX_WR_200-2400-200_000.csv,GBX_WR,GBX_WEAR,Gear_Wear,200-2400-200,robustness,True
5,D5_MixedBG,gearbox,gear surface wear_2400.csv,d5_gbx_GBX_WR_2400rpm_000.csv,GBX_WR,GBX_WEAR,Gear_Wear,2400rpm,test,True
5,D5_MixedBG,gearbox,gear tooth break_1200.csv,d5_gbx_GBX_BT_1200rpm_000.csv,GBX_BT,GBX_TOOTH_DAMAGE,Gear_Broken_Tooth,1200rpm,train,True
5,D5_MixedBG,gearbox,gear tooth break_1800.csv,d5_gbx_GBX_BT_1800rpm_000.csv,GBX_BT,GBX_TOOTH_DAMAGE,Gear_Broken_Tooth,1800rpm,val,True
5,D5_MixedBG,gearbox,gear tooth break_200-2400-200.csv,d5_gbx_GBX_BT_200-2400-200_000.csv,GBX_BT,GBX_TOOTH_DAMAGE,Gear_Broken_Tooth,200-2400-200,robustness,True
5,D5_MixedBG,gearbox,gear tooth break_2400.csv,d5_gbx_GBX_BT_2400rpm_000.csv,GBX_BT,GBX_TOOTH_DAMAGE,Gear_Broken_Tooth,2400rpm,test,True
5,D5_MixedBG,gearbox,normal_1200.csv,d5_gbx_NOR_1200rpm_000.csv,NOR,NOR,Normal,1200rpm,train,True
5,D5_MixedBG,gearbox,normal_1800.csv,d5_gbx_NOR_1800rpm_000.csv,NOR,NOR,Normal,1800rpm,val,True
5,D5_MixedBG,gearbox,normal_200-2400-200.csv,d5_gbx_NOR_200-2400-200_000.csv,NOR,NOR,Normal,200-2400-200,robustness,True
5,D5_MixedBG,gearbox,normal_2400.csv,d5_gbx_NOR_2400rpm_000.csv,NOR,NOR,Normal,2400rpm,test,True
5,D5_MixedBG,mixed,IF+eccentric gear_1200.csv,d5_mix_MIX_II_1200rpm_000.csv,MIX_II,MIXED,Mixed_IR_EccentricGear,1200rpm,train,True
5,D5_MixedBG,mixed,IF+eccentric gear_1800.csv,d5_mix_MIX_II_1800rpm_000.csv,MIX_II,MIXED,Mixed_IR_EccentricGear,1800rpm,val,True
5,D5_MixedBG,mixed,IF+eccentric gear_200-2400-200.csv,d5_mix_MIX_II_200-2400-200_000.csv,MIX_II,MIXED,Mixed_IR_EccentricGear,200-2400-200,robustness,True
5,D5_MixedBG,mixed,IF+eccentric gear_2400.csv,d5_mix_MIX_II_2400rpm_000.csv,MIX_II,MIXED,Mixed_IR_EccentricGear,2400rpm,test,True
5,D5_MixedBG,mixed,IF+gear surface wear_1200.csv,d5_mix_MIX_IS_1200rpm_000.csv,MIX_IS,MIXED,Mixed_IR_GearWear,1200rpm,train,True
5,D5_MixedBG,mixed,IF+gear surface wear_1800.csv,d5_mix_MIX_IS_1800rpm_000.csv,MIX_IS,MIXED,Mixed_IR_GearWear,1800rpm,val,True
5,D5_MixedBG,mixed,IF+gear surface wear_200-2400-200.csv,d5_mix_MIX_IS_200-2400-200_000.csv,MIX_IS,MIXED,Mixed_IR_GearWear,200-2400-200,robustness,True
5,D5_MixedBG,mixed,IF+gear surface wear_2400.csv,d5_mix_MIX_IS_2400rpm_000.csv,MIX_IS,MIXED,Mixed_IR_GearWear,2400rpm,test,True
5,D5_MixedBG,mixed,IF+gear tooth break_1200.csv,d5_mix_MIX_IB_1200rpm_000.csv,MIX_IB,MIXED,Mixed_IR_GearBrokenTooth,1200rpm,train,True
5,D5_MixedBG,mixed,IF+gear tooth break_1800.csv,d5_mix_MIX_IB_1800rpm_000.csv,MIX_IB,MIXED,Mixed_IR_GearBrokenTooth,1800rpm,val,True
5,D5_MixedBG,mixed,IF+gear tooth break_200-2400-200.csv,d5_mix_MIX_IB_200-2400-200_000.csv,MIX_IB,MIXED,Mixed_IR_GearBrokenTooth,200-2400-200,robustness,True
5,D5_MixedBG,mixed,IF+gear tooth break_2400.csv,d5_mix_MIX_IB_2400rpm_000.csv,MIX_IB,MIXED,Mixed_IR_GearBrokenTooth,2400rpm,test,True
5,D5_MixedBG,mixed,OF+eccentric gear_1200.csv,d5_mix_MIX_OI_1200rpm_000.csv,MIX_OI,MIXED,Mixed_OR_EccentricGear,1200rpm,train,True
5,D5_MixedBG,mixed,OF+eccentric gear_1800.csv,d5_mix_MIX_OI_1800rpm_000.csv,MIX_OI,MIXED,Mixed_OR_EccentricGear,1800rpm,val,True
5,D5_MixedBG,mixed,OF+eccentric gear_200-2400-200.csv,d5_mix_MIX_OI_200-2400-200_000.csv,MIX_OI,MIXED,Mixed_OR_EccentricGear,200-2400-200,robustness,True
5,D5_MixedBG,mixed,OF+eccentric gear_2400.csv,d5_mix_MIX_OI_2400rpm_000.csv,MIX_OI,MIXED,Mixed_OR_EccentricGear,2400rpm,test,True
5,D5_MixedBG,mixed,OF+gear surface wear_1200.csv,d5_mix_MIX_OS_1200rpm_000.csv,MIX_OS,MIXED,Mixed_OR_GearWear,1200rpm,train,True
5,D5_MixedBG,mixed,OF+gear surface wear_1800.csv,d5_mix_MIX_OS_1800rpm_000.csv,MIX_OS,MIXED,Mixed_OR_GearWear,1800rpm,val,True
5,D5_MixedBG,mixed,OF+gear surface wear_200-2400-200.csv,d5_mix_MIX_OS_200-2400-200_000.csv,MIX_OS,MIXED,Mixed_OR_GearWear,200-2400-200,robustness,True
5,D5_MixedBG,mixed,OF+gear surface wear_2400.csv,d5_mix_MIX_OS_2400rpm_000.csv,MIX_OS,MIXED,Mixed_OR_GearWear,2400rpm,test,True
5,D5_MixedBG,mixed,OF+gear tooth break_1200.csv,d5_mix_MIX_OB_1200rpm_000.csv,MIX_OB,MIXED,Mixed_OR_GearBrokenTooth,1200rpm,train,True
5,D5_MixedBG,mixed,OF+gear tooth break_1800.csv,d5_mix_MIX_OB_1800rpm_000.csv,MIX_OB,MIXED,Mixed_OR_GearBrokenTooth,1800rpm,val,True
5,D5_MixedBG,mixed,OF+gear tooth break_200-2400-200.csv,d5_mix_MIX_OB_200-2400-200_000.csv,MIX_OB,MIXED,Mixed_OR_GearBrokenTooth,200-2400-200,robustness,True
5,D5_MixedBG,mixed,OF+gear tooth break_2400.csv,d5_mix_MIX_OB_2400rpm_000.csv,MIX_OB,MIXED,Mixed_OR_GearBrokenTooth,2400rpm,test,True
8,D8_HUSTGearbox,gearbox,B_20_0.txt,d8_gbx_GBX_BT_spd20hz_000.txt,GBX_BT,GBX_TOOTH_DAMAGE,Gear_Broken_Tooth,spd20hz,train,True
8,D8_HUSTGearbox,gearbox,B_20_1.txt,d8_gbx_GBX_BT_spd20hz_001.txt,GBX_BT,GBX_TOOTH_DAMAGE,Gear_Broken_Tooth,spd20hz,train,True
8,D8_HUSTGearbox,gearbox,B_20_2.txt,d8_gbx_GBX_BT_spd20hz_002.txt,GBX_BT,GBX_TOOTH_DAMAGE,Gear_Broken_Tooth,spd20hz,train,True
8,D8_HUSTGearbox,gearbox,B_20_3.txt,d8_gbx_GBX_BT_spd20hz_003.txt,GBX_BT,GBX_TOOTH_DAMAGE,Gear_Broken_Tooth,spd20hz,train,True
8,D8_HUSTGearbox,gearbox,B_20_4.txt,d8_gbx_GBX_BT_spd20hz_004.txt,GBX_BT,GBX_TOOTH_DAMAGE,Gear_Broken_Tooth,spd20hz,train,True
8,D8_HUSTGearbox,gearbox,B_25_0.txt,d8_gbx_GBX_BT_spd25hz_000.txt,GBX_BT,GBX_TOOTH_DAMAGE,Gear_Broken_Tooth,spd25hz,train,True
8,D8_HUSTGearbox,gearbox,B_25_1.txt,d8_gbx_GBX_BT_spd25hz_001.txt,GBX_BT,GBX_TOOTH_DAMAGE,Gear_Broken_Tooth,spd25hz,train,True
8,D8_HUSTGearbox,gearbox,B_25_2.txt,d8_gbx_GBX_BT_spd25hz_002.txt,GBX_BT,GBX_TOOTH_DAMAGE,Gear_Broken_Tooth,spd25hz,train,True
8,D8_HUSTGearbox,gearbox,B_25_3.txt,d8_gbx_GBX_BT_spd25hz_003.txt,GBX_BT,GBX_TOOTH_DAMAGE,Gear_Broken_Tooth,spd25hz,train,True
8,D8_HUSTGearbox,gearbox,B_25_4.txt,d8_gbx_GBX_BT_spd25hz_004.txt,GBX_BT,GBX_TOOTH_DAMAGE,Gear_Broken_Tooth,spd25hz,train,True
8,D8_HUSTGearbox,gearbox,B_30_0.txt,d8_gbx_GBX_BT_spd30hz_000.txt,GBX_BT,GBX_TOOTH_DAMAGE,Gear_Broken_Tooth,spd30hz,train,True
8,D8_HUSTGearbox,gearbox,B_30_1.txt,d8_gbx_GBX_BT_spd30hz_001.txt,GBX_BT,GBX_TOOTH_DAMAGE,Gear_Broken_Tooth,spd30hz,train,True
8,D8_HUSTGearbox,gearbox,B_30_2.txt,d8_gbx_GBX_BT_spd30hz_002.txt,GBX_BT,GBX_TOOTH_DAMAGE,Gear_Broken_Tooth,spd30hz,train,True
8,D8_HUSTGearbox,gearbox,B_30_3.txt,d8_gbx_GBX_BT_spd30hz_003.txt,GBX_BT,GBX_TOOTH_DAMAGE,Gear_Broken_Tooth,spd30hz,train,True
8,D8_HUSTGearbox,gearbox,B_30_4.txt,d8_gbx_GBX_BT_spd30hz_004.txt,GBX_BT,GBX_TOOTH_DAMAGE,Gear_Broken_Tooth,spd30hz,train,True
8,D8_HUSTGearbox,gearbox,B_35_0.txt,d8_gbx_GBX_BT_spd35hz_000.txt,GBX_BT,GBX_TOOTH_DAMAGE,Gear_Broken_Tooth,spd35hz,val,True
8,D8_HUSTGearbox,gearbox,B_35_1.txt,d8_gbx_GBX_BT_spd35hz_001.txt,GBX_BT,GBX_TOOTH_DAMAGE,Gear_Broken_Tooth,spd35hz,val,True
8,D8_HUSTGearbox,gearbox,B_35_2.txt,d8_gbx_GBX_BT_spd35hz_002.txt,GBX_BT,GBX_TOOTH_DAMAGE,Gear_Broken_Tooth,spd35hz,val,True
8,D8_HUSTGearbox,gearbox,B_35_3.txt,d8_gbx_GBX_BT_spd35hz_003.txt,GBX_BT,GBX_TOOTH_DAMAGE,Gear_Broken_Tooth,spd35hz,val,True
8,D8_HUSTGearbox,gearbox,B_35_4.txt,d8_gbx_GBX_BT_spd35hz_004.txt,GBX_BT,GBX_TOOTH_DAMAGE,Gear_Broken_Tooth,spd35hz,val,True
8,D8_HUSTGearbox,gearbox,B_40_0.txt,d8_gbx_GBX_BT_spd40hz_000.txt,GBX_BT,GBX_TOOTH_DAMAGE,Gear_Broken_Tooth,spd40hz,test,True
8,D8_HUSTGearbox,gearbox,B_40_1.txt,d8_gbx_GBX_BT_spd40hz_001.txt,GBX_BT,GBX_TOOTH_DAMAGE,Gear_Broken_Tooth,spd40hz,test,True
8,D8_HUSTGearbox,gearbox,B_40_2.txt,d8_gbx_GBX_BT_spd40hz_002.txt,GBX_BT,GBX_TOOTH_DAMAGE,Gear_Broken_Tooth,spd40hz,test,True
8,D8_HUSTGearbox,gearbox,B_40_3.txt,d8_gbx_GBX_BT_spd40hz_003.txt,GBX_BT,GBX_TOOTH_DAMAGE,Gear_Broken_Tooth,spd40hz,test,True
8,D8_HUSTGearbox,gearbox,B_40_4.txt,d8_gbx_GBX_BT_spd40hz_004.txt,GBX_BT,GBX_TOOTH_DAMAGE,Gear_Broken_Tooth,spd40hz,test,True
8,D8_HUSTGearbox,gearbox,B_L0_VS_0_40_0.txt,d8_gbx_GBX_BT_L0_VS_0_40_000.txt,GBX_BT,GBX_TOOTH_DAMAGE,Gear_Broken_Tooth,L0_VS_0_40,robustness,True
8,D8_HUSTGearbox,gearbox,B_L1_VS_0_40_0.txt,d8_gbx_GBX_BT_L1_VS_0_40_000.txt,GBX_BT,GBX_TOOTH_DAMAGE,Gear_Broken_Tooth,L1_VS_0_40,robustness,True
8,D8_HUSTGearbox,gearbox,B_L2_VS_0_40_0.txt,d8_gbx_GBX_BT_L2_VS_0_40_000.txt,GBX_BT,GBX_TOOTH_DAMAGE,Gear_Broken_Tooth,L2_VS_0_40,robustness,True
8,D8_HUSTGearbox,gearbox,B_L3_VS_0_40_0.txt,d8_gbx_GBX_BT_L3_VS_0_40_000.txt,GBX_BT,GBX_TOOTH_DAMAGE,Gear_Broken_Tooth,L3_VS_0_40,robustness,True
8,D8_HUSTGearbox,gearbox,B_L4_VS_0_40_0.txt,d8_gbx_GBX_BT_L4_VS_0_40_000.txt,GBX_BT,GBX_TOOTH_DAMAGE,Gear_Broken_Tooth,L4_VS_0_40,robustness,True
8,D8_HUSTGearbox,gearbox,H_20_0.txt,d8_gbx_NOR_spd20hz_000.txt,NOR,NOR,Normal,spd20hz,train,True
8,D8_HUSTGearbox,gearbox,H_20_1.txt,d8_gbx_NOR_spd20hz_001.txt,NOR,NOR,Normal,spd20hz,train,True
8,D8_HUSTGearbox,gearbox,H_20_2.txt,d8_gbx_NOR_spd20hz_002.txt,NOR,NOR,Normal,spd20hz,train,True
8,D8_HUSTGearbox,gearbox,H_20_3.txt,d8_gbx_NOR_spd20hz_003.txt,NOR,NOR,Normal,spd20hz,train,True
8,D8_HUSTGearbox,gearbox,H_20_4.txt,d8_gbx_NOR_spd20hz_004.txt,NOR,NOR,Normal,spd20hz,train,True
8,D8_HUSTGearbox,gearbox,H_25_0.txt,d8_gbx_NOR_spd25hz_000.txt,NOR,NOR,Normal,spd25hz,train,True
8,D8_HUSTGearbox,gearbox,H_25_1.txt,d8_gbx_NOR_spd25hz_001.txt,NOR,NOR,Normal,spd25hz,train,True
8,D8_HUSTGearbox,gearbox,H_25_2.txt,d8_gbx_NOR_spd25hz_002.txt,NOR,NOR,Normal,spd25hz,train,True
8,D8_HUSTGearbox,gearbox,H_25_3.txt,d8_gbx_NOR_spd25hz_003.txt,NOR,NOR,Normal,spd25hz,train,True
8,D8_HUSTGearbox,gearbox,H_25_4.txt,d8_gbx_NOR_spd25hz_004.txt,NOR,NOR,Normal,spd25hz,train,True
8,D8_HUSTGearbox,gearbox,H_30_0.txt,d8_gbx_NOR_spd30hz_000.txt,NOR,NOR,Normal,spd30hz,train,True
8,D8_HUSTGearbox,gearbox,H_30_1.txt,d8_gbx_NOR_spd30hz_001.txt,NOR,NOR,Normal,spd30hz,train,True
8,D8_HUSTGearbox,gearbox,H_30_2.txt,d8_gbx_NOR_spd30hz_002.txt,NOR,NOR,Normal,spd30hz,train,True
8,D8_HUSTGearbox,gearbox,H_30_3.txt,d8_gbx_NOR_spd30hz_003.txt,NOR,NOR,Normal,spd30hz,train,True
8,D8_HUSTGearbox,gearbox,H_30_4.txt,d8_gbx_NOR_spd30hz_004.txt,NOR,NOR,Normal,spd30hz,train,True
8,D8_HUSTGearbox,gearbox,H_35_0.txt,d8_gbx_NOR_spd35hz_000.txt,NOR,NOR,Normal,spd35hz,val,True
8,D8_HUSTGearbox,gearbox,H_35_1.txt,d8_gbx_NOR_spd35hz_001.txt,NOR,NOR,Normal,spd35hz,val,True
8,D8_HUSTGearbox,gearbox,H_35_2.txt,d8_gbx_NOR_spd35hz_002.txt,NOR,NOR,Normal,spd35hz,val,True
8,D8_HUSTGearbox,gearbox,H_35_3.txt,d8_gbx_NOR_spd35hz_003.txt,NOR,NOR,Normal,spd35hz,val,True
8,D8_HUSTGearbox,gearbox,H_35_4.txt,d8_gbx_NOR_spd35hz_004.txt,NOR,NOR,Normal,spd35hz,val,True
8,D8_HUSTGearbox,gearbox,H_40_0.txt,d8_gbx_NOR_spd40hz_000.txt,NOR,NOR,Normal,spd40hz,test,True
8,D8_HUSTGearbox,gearbox,H_40_1.txt,d8_gbx_NOR_spd40hz_001.txt,NOR,NOR,Normal,spd40hz,test,True
8,D8_HUSTGearbox,gearbox,H_40_2.txt,d8_gbx_NOR_spd40hz_002.txt,NOR,NOR,Normal,spd40hz,test,True
8,D8_HUSTGearbox,gearbox,H_40_3.txt,d8_gbx_NOR_spd40hz_003.txt,NOR,NOR,Normal,spd40hz,test,True
8,D8_HUSTGearbox,gearbox,H_40_4.txt,d8_gbx_NOR_spd40hz_004.txt,NOR,NOR,Normal,spd40hz,test,True
8,D8_HUSTGearbox,gearbox,H_L0_VS_0_40_0.txt,d8_gbx_NOR_L0_VS_0_40_000.txt,NOR,NOR,Normal,L0_VS_0_40,robustness,True
8,D8_HUSTGearbox,gearbox,H_L1_VS_0_40_0.txt,d8_gbx_NOR_L1_VS_0_40_000.txt,NOR,NOR,Normal,L1_VS_0_40,robustness,True
8,D8_HUSTGearbox,gearbox,H_L2_VS_0_40_0.txt,d8_gbx_NOR_L2_VS_0_40_000.txt,NOR,NOR,Normal,L2_VS_0_40,robustness,True
8,D8_HUSTGearbox,gearbox,H_L3_VS_0_40_0.txt,d8_gbx_NOR_L3_VS_0_40_000.txt,NOR,NOR,Normal,L3_VS_0_40,robustness,True
8,D8_HUSTGearbox,gearbox,H_L4_VS_0_40_0.txt,d8_gbx_NOR_L4_VS_0_40_000.txt,NOR,NOR,Normal,L4_VS_0_40,robustness,True
8,D8_HUSTGearbox,gearbox,M_20_0.txt,d8_gbx_GBX_MT_spd20hz_000.txt,GBX_MT,GBX_TOOTH_DAMAGE,Gear_Missing_Tooth,spd20hz,train,True
8,D8_HUSTGearbox,gearbox,M_20_1.txt,d8_gbx_GBX_MT_spd20hz_001.txt,GBX_MT,GBX_TOOTH_DAMAGE,Gear_Missing_Tooth,spd20hz,train,True
8,D8_HUSTGearbox,gearbox,M_20_2.txt,d8_gbx_GBX_MT_spd20hz_002.txt,GBX_MT,GBX_TOOTH_DAMAGE,Gear_Missing_Tooth,spd20hz,train,True
8,D8_HUSTGearbox,gearbox,M_20_3.txt,d8_gbx_GBX_MT_spd20hz_003.txt,GBX_MT,GBX_TOOTH_DAMAGE,Gear_Missing_Tooth,spd20hz,train,True
8,D8_HUSTGearbox,gearbox,M_20_4.txt,d8_gbx_GBX_MT_spd20hz_004.txt,GBX_MT,GBX_TOOTH_DAMAGE,Gear_Missing_Tooth,spd20hz,train,True
8,D8_HUSTGearbox,gearbox,M_25_0.txt,d8_gbx_GBX_MT_spd25hz_000.txt,GBX_MT,GBX_TOOTH_DAMAGE,Gear_Missing_Tooth,spd25hz,train,True
8,D8_HUSTGearbox,gearbox,M_25_1.txt,d8_gbx_GBX_MT_spd25hz_001.txt,GBX_MT,GBX_TOOTH_DAMAGE,Gear_Missing_Tooth,spd25hz,train,True
8,D8_HUSTGearbox,gearbox,M_25_2.txt,d8_gbx_GBX_MT_spd25hz_002.txt,GBX_MT,GBX_TOOTH_DAMAGE,Gear_Missing_Tooth,spd25hz,train,True
8,D8_HUSTGearbox,gearbox,M_25_3.txt,d8_gbx_GBX_MT_spd25hz_003.txt,GBX_MT,GBX_TOOTH_DAMAGE,Gear_Missing_Tooth,spd25hz,train,True
8,D8_HUSTGearbox,gearbox,M_25_4.txt,d8_gbx_GBX_MT_spd25hz_004.txt,GBX_MT,GBX_TOOTH_DAMAGE,Gear_Missing_Tooth,spd25hz,train,True
8,D8_HUSTGearbox,gearbox,M_30_0.txt,d8_gbx_GBX_MT_spd30hz_000.txt,GBX_MT,GBX_TOOTH_DAMAGE,Gear_Missing_Tooth,spd30hz,train,True
8,D8_HUSTGearbox,gearbox,M_30_1.txt,d8_gbx_GBX_MT_spd30hz_001.txt,GBX_MT,GBX_TOOTH_DAMAGE,Gear_Missing_Tooth,spd30hz,train,True
8,D8_HUSTGearbox,gearbox,M_30_2.txt,d8_gbx_GBX_MT_spd30hz_002.txt,GBX_MT,GBX_TOOTH_DAMAGE,Gear_Missing_Tooth,spd30hz,train,True
8,D8_HUSTGearbox,gearbox,M_30_3.txt,d8_gbx_GBX_MT_spd30hz_003.txt,GBX_MT,GBX_TOOTH_DAMAGE,Gear_Missing_Tooth,spd30hz,train,True
8,D8_HUSTGearbox,gearbox,M_30_4.txt,d8_gbx_GBX_MT_spd30hz_004.txt,GBX_MT,GBX_TOOTH_DAMAGE,Gear_Missing_Tooth,spd30hz,train,True
8,D8_HUSTGearbox,gearbox,M_35_0.txt,d8_gbx_GBX_MT_spd35hz_000.txt,GBX_MT,GBX_TOOTH_DAMAGE,Gear_Missing_Tooth,spd35hz,val,True
8,D8_HUSTGearbox,gearbox,M_35_1.txt,d8_gbx_GBX_MT_spd35hz_001.txt,GBX_MT,GBX_TOOTH_DAMAGE,Gear_Missing_Tooth,spd35hz,val,True
8,D8_HUSTGearbox,gearbox,M_35_2.txt,d8_gbx_GBX_MT_spd35hz_002.txt,GBX_MT,GBX_TOOTH_DAMAGE,Gear_Missing_Tooth,spd35hz,val,True
8,D8_HUSTGearbox,gearbox,M_35_3.txt,d8_gbx_GBX_MT_spd35hz_003.txt,GBX_MT,GBX_TOOTH_DAMAGE,Gear_Missing_Tooth,spd35hz,val,True
8,D8_HUSTGearbox,gearbox,M_35_4.txt,d8_gbx_GBX_MT_spd35hz_004.txt,GBX_MT,GBX_TOOTH_DAMAGE,Gear_Missing_Tooth,spd35hz,val,True
8,D8_HUSTGearbox,gearbox,M_40_0.txt,d8_gbx_GBX_MT_spd40hz_000.txt,GBX_MT,GBX_TOOTH_DAMAGE,Gear_Missing_Tooth,spd40hz,test,True
8,D8_HUSTGearbox,gearbox,M_40_1.txt,d8_gbx_GBX_MT_spd40hz_001.txt,GBX_MT,GBX_TOOTH_DAMAGE,Gear_Missing_Tooth,spd40hz,test,True
8,D8_HUSTGearbox,gearbox,M_40_2.txt,d8_gbx_GBX_MT_spd40hz_002.txt,GBX_MT,GBX_TOOTH_DAMAGE,Gear_Missing_Tooth,spd40hz,test,True
8,D8_HUSTGearbox,gearbox,M_40_3.txt,d8_gbx_GBX_MT_spd40hz_003.txt,GBX_MT,GBX_TOOTH_DAMAGE,Gear_Missing_Tooth,spd40hz,test,True
8,D8_HUSTGearbox,gearbox,M_40_4.txt,d8_gbx_GBX_MT_spd40hz_004.txt,GBX_MT,GBX_TOOTH_DAMAGE,Gear_Missing_Tooth,spd40hz,test,True
8,D8_HUSTGearbox,gearbox,M_L0_VS_0_40_0.txt,d8_gbx_GBX_MT_L0_VS_0_40_000.txt,GBX_MT,GBX_TOOTH_DAMAGE,Gear_Missing_Tooth,L0_VS_0_40,robustness,True
8,D8_HUSTGearbox,gearbox,M_L1_VS_0_40_0.txt,d8_gbx_GBX_MT_L1_VS_0_40_000.txt,GBX_MT,GBX_TOOTH_DAMAGE,Gear_Missing_Tooth,L1_VS_0_40,robustness,True
8,D8_HUSTGearbox,gearbox,M_L2_VS_0_40_0.txt,d8_gbx_GBX_MT_L2_VS_0_40_000.txt,GBX_MT,GBX_TOOTH_DAMAGE,Gear_Missing_Tooth,L2_VS_0_40,robustness,True
8,D8_HUSTGearbox,gearbox,M_L3_VS_0_40_0.txt,d8_gbx_GBX_MT_L3_VS_0_40_000.txt,GBX_MT,GBX_TOOTH_DAMAGE,Gear_Missing_Tooth,L3_VS_0_40,robustness,True
8,D8_HUSTGearbox,gearbox,M_L4_VS_0_40_0.txt,d8_gbx_GBX_MT_L4_VS_0_40_000.txt,GBX_MT,GBX_TOOTH_DAMAGE,Gear_Missing_Tooth,L4_VS_0_40,robustness,True
