filename,file_path,fault,condition,channel_a,channel_b,correlation,channel_1_2_correlation
B1_20.MAT,data/raw/dataset_2/broken/1/B1_20.MAT,GBX_BT,sensor1_spd20hz,Channel_1,Channel_2,-0.03718474433009621,-0.03718474433009621
B1_20.MAT,data/raw/dataset_2/broken/1/B1_20.MAT,GBX_BT,sensor1_spd20hz,Channel_1,Channel_3,0.0045348660893942214,
B1_20.MAT,data/raw/dataset_2/broken/1/B1_20.MAT,GBX_BT,sensor1_spd20hz,Channel_1,Channel_4,0.009747599142807551,
B1_20.MAT,data/raw/dataset_2/broken/1/B1_20.MAT,GBX_BT,sensor1_spd20hz,Channel_2,Channel_3,-0.02433889782886143,
B1_20.MAT,data/raw/dataset_2/broken/1/B1_20.MAT,GBX_BT,sensor1_spd20hz,Channel_2,Channel_4,0.0148745268736555,
B1_20.MAT,data/raw/dataset_2/broken/1/B1_20.MAT,GBX_BT,sensor1_spd20hz,Channel_3,Channel_4,-0.1343254426677925,
B1_25.MAT,data/raw/dataset_2/broken/1/B1_25.MAT,GBX_BT,sensor1_spd25hz,Channel_1,Channel_2,0.0029495167323736592,0.0029495167323736592
B1_25.MAT,data/raw/dataset_2/broken/1/B1_25.MAT,GBX_BT,sensor1_spd25hz,Channel_1,Channel_3,-0.000883367936449518,
B1_25.MAT,data/raw/dataset_2/broken/1/B1_25.MAT,GBX_BT,sensor1_spd25hz,Channel_1,Channel_4,0.010103017315031737,
B1_25.MAT,data/raw/dataset_2/broken/1/B1_25.MAT,GBX_BT,sensor1_spd25hz,Channel_2,Channel_3,-0.011301956882331526,
B1_25.MAT,data/raw/dataset_2/broken/1/B1_25.MAT,GBX_BT,sensor1_spd25hz,Channel_2,Channel_4,0.012155146635872591,
B1_25.MAT,data/raw/dataset_2/broken/1/B1_25.MAT,GBX_BT,sensor1_spd25hz,Channel_3,Channel_4,-0.14493913059551183,
B1_30.MAT,data/raw/dataset_2/broken/1/B1_30.MAT,GBX_BT,sensor1_spd30hz,Channel_1,Channel_2,0.044034202032003124,0.044034202032003124
B1_30.MAT,data/raw/dataset_2/broken/1/B1_30.MAT,GBX_BT,sensor1_spd30hz,Channel_1,Channel_3,-0.009295006185314326,
B1_30.MAT,data/raw/dataset_2/broken/1/B1_30.MAT,GBX_BT,sensor1_spd30hz,Channel_1,Channel_4,0.015774889513800686,
B1_30.MAT,data/raw/dataset_2/broken/1/B1_30.MAT,GBX_BT,sensor1_spd30hz,Channel_2,Channel_3,-0.009312729143493511,
B1_30.MAT,data/raw/dataset_2/broken/1/B1_30.MAT,GBX_BT,sensor1_spd30hz,Channel_2,Channel_4,0.026994272772229305,
B1_30.MAT,data/raw/dataset_2/broken/1/B1_30.MAT,GBX_BT,sensor1_spd30hz,Channel_3,Channel_4,-0.16701114097789724,
B1_35.MAT,data/raw/dataset_2/broken/1/B1_35.MAT,GBX_BT,sensor1_spd35hz,Channel_1,Channel_2,0.050098084627368776,0.050098084627368776
B1_35.MAT,data/raw/dataset_2/broken/1/B1_35.MAT,GBX_BT,sensor1_spd35hz,Channel_1,Channel_3,0.001493418562813458,
B1_35.MAT,data/raw/dataset_2/broken/1/B1_35.MAT,GBX_BT,sensor1_spd35hz,Channel_1,Channel_4,0.01830457912340499,
B1_35.MAT,data/raw/dataset_2/broken/1/B1_35.MAT,GBX_BT,sensor1_spd35hz,Channel_2,Channel_3,-0.019466326622667902,
B1_35.MAT,data/raw/dataset_2/broken/1/B1_35.MAT,GBX_BT,sensor1_spd35hz,Channel_2,Channel_4,0.04240450227518494,
B1_35.MAT,data/raw/dataset_2/broken/1/B1_35.MAT,GBX_BT,sensor1_spd35hz,Channel_3,Channel_4,-0.1653260508333129,
B1_40.MAT,data/raw/dataset_2/broken/1/B1_40.MAT,GBX_BT,sensor1_spd40hz,Channel_1,Channel_2,-0.021930276184117425,-0.021930276184117425
B1_40.MAT,data/raw/dataset_2/broken/1/B1_40.MAT,GBX_BT,sensor1_spd40hz,Channel_1,Channel_3,0.0122862586350008,
B1_40.MAT,data/raw/dataset_2/broken/1/B1_40.MAT,GBX_BT,sensor1_spd40hz,Channel_1,Channel_4,0.020325643730843158,
B1_40.MAT,data/raw/dataset_2/broken/1/B1_40.MAT,GBX_BT,sensor1_spd40hz,Channel_2,Channel_3,-0.010599450696888947,
B1_40.MAT,data/raw/dataset_2/broken/1/B1_40.MAT,GBX_BT,sensor1_spd40hz,Channel_2,Channel_4,0.03444235462302098,
B1_40.MAT,data/raw/dataset_2/broken/1/B1_40.MAT,GBX_BT,sensor1_spd40hz,Channel_3,Channel_4,-0.17561106045971175,
B1_45.MAT,data/raw/dataset_2/broken/1/B1_45.MAT,GBX_BT,sensor1_spd45hz,Channel_1,Channel_2,-0.056013190227943446,-0.056013190227943446
B1_45.MAT,data/raw/dataset_2/broken/1/B1_45.MAT,GBX_BT,sensor1_spd45hz,Channel_1,Channel_3,0.0038463300618910177,
B1_45.MAT,data/raw/dataset_2/broken/1/B1_45.MAT,GBX_BT,sensor1_spd45hz,Channel_1,Channel_4,0.018610802122993098,
B1_45.MAT,data/raw/dataset_2/broken/1/B1_45.MAT,GBX_BT,sensor1_spd45hz,Channel_2,Channel_3,-0.0237007584738066,
B1_45.MAT,data/raw/dataset_2/broken/1/B1_45.MAT,GBX_BT,sensor1_spd45hz,Channel_2,Channel_4,0.03705976504584342,
B1_45.MAT,data/raw/dataset_2/broken/1/B1_45.MAT,GBX_BT,sensor1_spd45hz,Channel_3,Channel_4,-0.1892056074010818,
B1_50.MAT,data/raw/dataset_2/broken/1/B1_50.MAT,GBX_BT,sensor1_spd50hz,Channel_1,Channel_2,-0.22246374842832659,-0.22246374842832659
B1_50.MAT,data/raw/dataset_2/broken/1/B1_50.MAT,GBX_BT,sensor1_spd50hz,Channel_1,Channel_3,0.006583877914388111,
B1_50.MAT,data/raw/dataset_2/broken/1/B1_50.MAT,GBX_BT,sensor1_spd50hz,Channel_1,Channel_4,0.03166154770157956,
B1_50.MAT,data/raw/dataset_2/broken/1/B1_50.MAT,GBX_BT,sensor1_spd50hz,Channel_2,Channel_3,-0.024708958240420072,
B1_50.MAT,data/raw/dataset_2/broken/1/B1_50.MAT,GBX_BT,sensor1_spd50hz,Channel_2,Channel_4,0.013972756997122956,
B1_50.MAT,data/raw/dataset_2/broken/1/B1_50.MAT,GBX_BT,sensor1_spd50hz,Channel_3,Channel_4,-0.18487683306130911,
B1_55.MAT,data/raw/dataset_2/broken/1/B1_55.MAT,GBX_BT,sensor1_spd55hz,Channel_1,Channel_2,-0.15514419837825172,-0.15514419837825172
B1_55.MAT,data/raw/dataset_2/broken/1/B1_55.MAT,GBX_BT,sensor1_spd55hz,Channel_1,Channel_3,0.006813183154565525,
B1_55.MAT,data/raw/dataset_2/broken/1/B1_55.MAT,GBX_BT,sensor1_spd55hz,Channel_1,Channel_4,0.023128503861656966,
B1_55.MAT,data/raw/dataset_2/broken/1/B1_55.MAT,GBX_BT,sensor1_spd55hz,Channel_2,Channel_3,-0.03264066194646799,
B1_55.MAT,data/raw/dataset_2/broken/1/B1_55.MAT,GBX_BT,sensor1_spd55hz,Channel_2,Channel_4,0.056011239244049944,
B1_55.MAT,data/raw/dataset_2/broken/1/B1_55.MAT,GBX_BT,sensor1_spd55hz,Channel_3,Channel_4,-0.15169803228090456,
B2_20.MAT,data/raw/dataset_2/broken/2/B2_20.MAT,GBX_BT,sensor2_spd20hz,Channel_1,Channel_2,-0.07059445543990861,-0.07059445543990861
B2_20.MAT,data/raw/dataset_2/broken/2/B2_20.MAT,GBX_BT,sensor2_spd20hz,Channel_1,Channel_3,0.015485490085960424,
B2_20.MAT,data/raw/dataset_2/broken/2/B2_20.MAT,GBX_BT,sensor2_spd20hz,Channel_1,Channel_4,0.006071638955954516,
B2_20.MAT,data/raw/dataset_2/broken/2/B2_20.MAT,GBX_BT,sensor2_spd20hz,Channel_2,Channel_3,-0.031972974525691256,
B2_20.MAT,data/raw/dataset_2/broken/2/B2_20.MAT,GBX_BT,sensor2_spd20hz,Channel_2,Channel_4,0.008756593287432841,
B2_20.MAT,data/raw/dataset_2/broken/2/B2_20.MAT,GBX_BT,sensor2_spd20hz,Channel_3,Channel_4,-0.21278367799107742,
B2_25.MAT,data/raw/dataset_2/broken/2/B2_25.MAT,GBX_BT,sensor2_spd25hz,Channel_1,Channel_2,-0.03873512793770462,-0.03873512793770462
B2_25.MAT,data/raw/dataset_2/broken/2/B2_25.MAT,GBX_BT,sensor2_spd25hz,Channel_1,Channel_3,0.002321616968090927,
B2_25.MAT,data/raw/dataset_2/broken/2/B2_25.MAT,GBX_BT,sensor2_spd25hz,Channel_1,Channel_4,0.020106035238562803,
B2_25.MAT,data/raw/dataset_2/broken/2/B2_25.MAT,GBX_BT,sensor2_spd25hz,Channel_2,Channel_3,-0.02154458037951937,
B2_25.MAT,data/raw/dataset_2/broken/2/B2_25.MAT,GBX_BT,sensor2_spd25hz,Channel_2,Channel_4,0.0036840372357153646,
B2_25.MAT,data/raw/dataset_2/broken/2/B2_25.MAT,GBX_BT,sensor2_spd25hz,Channel_3,Channel_4,-0.21546690742918517,
B2_30.MAT,data/raw/dataset_2/broken/2/B2_30.MAT,GBX_BT,sensor2_spd30hz,Channel_1,Channel_2,-0.046327680113307165,-0.046327680113307165
B2_30.MAT,data/raw/dataset_2/broken/2/B2_30.MAT,GBX_BT,sensor2_spd30hz,Channel_1,Channel_3,0.00765209590642912,
B2_30.MAT,data/raw/dataset_2/broken/2/B2_30.MAT,GBX_BT,sensor2_spd30hz,Channel_1,Channel_4,0.025434754569895766,
B2_30.MAT,data/raw/dataset_2/broken/2/B2_30.MAT,GBX_BT,sensor2_spd30hz,Channel_2,Channel_3,-0.03599959063030832,
B2_30.MAT,data/raw/dataset_2/broken/2/B2_30.MAT,GBX_BT,sensor2_spd30hz,Channel_2,Channel_4,0.009053326945668794,
B2_30.MAT,data/raw/dataset_2/broken/2/B2_30.MAT,GBX_BT,sensor2_spd30hz,Channel_3,Channel_4,-0.23307977533695662,
B2_35.MAT,data/raw/dataset_2/broken/2/B2_35.MAT,GBX_BT,sensor2_spd35hz,Channel_1,Channel_2,0.01271300986533569,0.01271300986533569
B2_35.MAT,data/raw/dataset_2/broken/2/B2_35.MAT,GBX_BT,sensor2_spd35hz,Channel_1,Channel_3,0.004727914148625079,
B2_35.MAT,data/raw/dataset_2/broken/2/B2_35.MAT,GBX_BT,sensor2_spd35hz,Channel_1,Channel_4,0.02349926070903323,
B2_35.MAT,data/raw/dataset_2/broken/2/B2_35.MAT,GBX_BT,sensor2_spd35hz,Channel_2,Channel_3,-0.025496837429716836,
B2_35.MAT,data/raw/dataset_2/broken/2/B2_35.MAT,GBX_BT,sensor2_spd35hz,Channel_2,Channel_4,0.0019375316146680343,
B2_35.MAT,data/raw/dataset_2/broken/2/B2_35.MAT,GBX_BT,sensor2_spd35hz,Channel_3,Channel_4,-0.22309330171632047,
B2_40.MAT,data/raw/dataset_2/broken/2/B2_40.MAT,GBX_BT,sensor2_spd40hz,Channel_1,Channel_2,0.017196313625206922,0.017196313625206922
B2_40.MAT,data/raw/dataset_2/broken/2/B2_40.MAT,GBX_BT,sensor2_spd40hz,Channel_1,Channel_3,0.009519311985021504,
B2_40.MAT,data/raw/dataset_2/broken/2/B2_40.MAT,GBX_BT,sensor2_spd40hz,Channel_1,Channel_4,0.02375506694919802,
B2_40.MAT,data/raw/dataset_2/broken/2/B2_40.MAT,GBX_BT,sensor2_spd40hz,Channel_2,Channel_3,-0.013665846341509425,
B2_40.MAT,data/raw/dataset_2/broken/2/B2_40.MAT,GBX_BT,sensor2_spd40hz,Channel_2,Channel_4,0.005645273855555995,
B2_40.MAT,data/raw/dataset_2/broken/2/B2_40.MAT,GBX_BT,sensor2_spd40hz,Channel_3,Channel_4,-0.23335113984450792,
B2_45.MAT,data/raw/dataset_2/broken/2/B2_45.MAT,GBX_BT,sensor2_spd45hz,Channel_1,Channel_2,-0.04638817264528465,-0.04638817264528465
B2_45.MAT,data/raw/dataset_2/broken/2/B2_45.MAT,GBX_BT,sensor2_spd45hz,Channel_1,Channel_3,0.0043963257417221025,
B2_45.MAT,data/raw/dataset_2/broken/2/B2_45.MAT,GBX_BT,sensor2_spd45hz,Channel_1,Channel_4,0.032956113303053015,
B2_45.MAT,data/raw/dataset_2/broken/2/B2_45.MAT,GBX_BT,sensor2_spd45hz,Channel_2,Channel_3,-0.007818253020368962,
B2_45.MAT,data/raw/dataset_2/broken/2/B2_45.MAT,GBX_BT,sensor2_spd45hz,Channel_2,Channel_4,0.0023850955709925456,
B2_45.MAT,data/raw/dataset_2/broken/2/B2_45.MAT,GBX_BT,sensor2_spd45hz,Channel_3,Channel_4,-0.24176928535827982,
B2_50.MAT,data/raw/dataset_2/broken/2/B2_50.MAT,GBX_BT,sensor2_spd50hz,Channel_1,Channel_2,-0.0521595006548825,-0.0521595006548825
B2_50.MAT,data/raw/dataset_2/broken/2/B2_50.MAT,GBX_BT,sensor2_spd50hz,Channel_1,Channel_3,0.014438264970097788,
B2_50.MAT,data/raw/dataset_2/broken/2/B2_50.MAT,GBX_BT,sensor2_spd50hz,Channel_1,Channel_4,0.051987004898734014,
B2_50.MAT,data/raw/dataset_2/broken/2/B2_50.MAT,GBX_BT,sensor2_spd50hz,Channel_2,Channel_3,-0.028638212165723438,
B2_50.MAT,data/raw/dataset_2/broken/2/B2_50.MAT,GBX_BT,sensor2_spd50hz,Channel_2,Channel_4,0.03451770232410022,
B2_50.MAT,data/raw/dataset_2/broken/2/B2_50.MAT,GBX_BT,sensor2_spd50hz,Channel_3,Channel_4,-0.19487072709730235,
B2_55.MAT,data/raw/dataset_2/broken/2/B2_55.MAT,GBX_BT,sensor2_spd55hz,Channel_1,Channel_2,0.024049796435502365,0.024049796435502365
B2_55.MAT,data/raw/dataset_2/broken/2/B2_55.MAT,GBX_BT,sensor2_spd55hz,Channel_1,Channel_3,0.01071501557907484,
B2_55.MAT,data/raw/dataset_2/broken/2/B2_55.MAT,GBX_BT,sensor2_spd55hz,Channel_1,Channel_4,0.061763176558836834,
B2_55.MAT,data/raw/dataset_2/broken/2/B2_55.MAT,GBX_BT,sensor2_spd55hz,Channel_2,Channel_3,-0.030568079370413743,
B2_55.MAT,data/raw/dataset_2/broken/2/B2_55.MAT,GBX_BT,sensor2_spd55hz,Channel_2,Channel_4,0.03113761816645849,
B2_55.MAT,data/raw/dataset_2/broken/2/B2_55.MAT,GBX_BT,sensor2_spd55hz,Channel_3,Channel_4,-0.1400858092907226,
M1_20.MAT,data/raw/dataset_2/missing_tooth/1/M1_20.MAT,GBX_MT,sensor1_spd20hz,Channel_1,Channel_2,0.021922498174976497,0.021922498174976497
M1_20.MAT,data/raw/dataset_2/missing_tooth/1/M1_20.MAT,GBX_MT,sensor1_spd20hz,Channel_1,Channel_3,0.0073909176571103795,
M1_20.MAT,data/raw/dataset_2/missing_tooth/1/M1_20.MAT,GBX_MT,sensor1_spd20hz,Channel_1,Channel_4,0.033106971254762474,
M1_20.MAT,data/raw/dataset_2/missing_tooth/1/M1_20.MAT,GBX_MT,sensor1_spd20hz,Channel_2,Channel_3,-0.014536377255499836,
M1_20.MAT,data/raw/dataset_2/missing_tooth/1/M1_20.MAT,GBX_MT,sensor1_spd20hz,Channel_2,Channel_4,0.011620687741813565,
M1_20.MAT,data/raw/dataset_2/missing_tooth/1/M1_20.MAT,GBX_MT,sensor1_spd20hz,Channel_3,Channel_4,-0.1424343060736412,
M1_25.MAT,data/raw/dataset_2/missing_tooth/1/M1_25.MAT,GBX_MT,sensor1_spd25hz,Channel_1,Channel_2,0.05757032391286994,0.05757032391286994
M1_25.MAT,data/raw/dataset_2/missing_tooth/1/M1_25.MAT,GBX_MT,sensor1_spd25hz,Channel_1,Channel_3,0.005492634272255715,
M1_25.MAT,data/raw/dataset_2/missing_tooth/1/M1_25.MAT,GBX_MT,sensor1_spd25hz,Channel_1,Channel_4,0.03121169396021213,
M1_25.MAT,data/raw/dataset_2/missing_tooth/1/M1_25.MAT,GBX_MT,sensor1_spd25hz,Channel_2,Channel_3,-0.006664438689463333,
M1_25.MAT,data/raw/dataset_2/missing_tooth/1/M1_25.MAT,GBX_MT,sensor1_spd25hz,Channel_2,Channel_4,0.01689746370146567,
M1_25.MAT,data/raw/dataset_2/missing_tooth/1/M1_25.MAT,GBX_MT,sensor1_spd25hz,Channel_3,Channel_4,-0.15905095347747436,
M1_30.MAT,data/raw/dataset_2/missing_tooth/1/M1_30.MAT,GBX_MT,sensor1_spd30hz,Channel_1,Channel_2,0.004437122174960635,0.004437122174960635
M1_30.MAT,data/raw/dataset_2/missing_tooth/1/M1_30.MAT,GBX_MT,sensor1_spd30hz,Channel_1,Channel_3,0.009318579790646195,
M1_30.MAT,data/raw/dataset_2/missing_tooth/1/M1_30.MAT,GBX_MT,sensor1_spd30hz,Channel_1,Channel_4,0.006976158097851423,
M1_30.MAT,data/raw/dataset_2/missing_tooth/1/M1_30.MAT,GBX_MT,sensor1_spd30hz,Channel_2,Channel_3,-0.018478442000159218,
M1_30.MAT,data/raw/dataset_2/missing_tooth/1/M1_30.MAT,GBX_MT,sensor1_spd30hz,Channel_2,Channel_4,0.021322656461897398,
M1_30.MAT,data/raw/dataset_2/missing_tooth/1/M1_30.MAT,GBX_MT,sensor1_spd30hz,Channel_3,Channel_4,-0.1552393445496417,
M1_35.MAT,data/raw/dataset_2/missing_tooth/1/M1_35.MAT,GBX_MT,sensor1_spd35hz,Channel_1,Channel_2,-0.08715606055687716,-0.08715606055687716
M1_35.MAT,data/raw/dataset_2/missing_tooth/1/M1_35.MAT,GBX_MT,sensor1_spd35hz,Channel_1,Channel_3,0.003966180291931494,
M1_35.MAT,data/raw/dataset_2/missing_tooth/1/M1_35.MAT,GBX_MT,sensor1_spd35hz,Channel_1,Channel_4,0.013204966949441376,
M1_35.MAT,data/raw/dataset_2/missing_tooth/1/M1_35.MAT,GBX_MT,sensor1_spd35hz,Channel_2,Channel_3,-0.014104720767582112,
M1_35.MAT,data/raw/dataset_2/missing_tooth/1/M1_35.MAT,GBX_MT,sensor1_spd35hz,Channel_2,Channel_4,0.023314021850191293,
M1_35.MAT,data/raw/dataset_2/missing_tooth/1/M1_35.MAT,GBX_MT,sensor1_spd35hz,Channel_3,Channel_4,-0.1695080658933998,
M1_40.MAT,data/raw/dataset_2/missing_tooth/1/M1_40.MAT,GBX_MT,sensor1_spd40hz,Channel_1,Channel_2,-0.11272132619651287,-0.11272132619651287
M1_40.MAT,data/raw/dataset_2/missing_tooth/1/M1_40.MAT,GBX_MT,sensor1_spd40hz,Channel_1,Channel_3,-0.0023060056071945723,
M1_40.MAT,data/raw/dataset_2/missing_tooth/1/M1_40.MAT,GBX_MT,sensor1_spd40hz,Channel_1,Channel_4,0.018010794995194607,
M1_40.MAT,data/raw/dataset_2/missing_tooth/1/M1_40.MAT,GBX_MT,sensor1_spd40hz,Channel_2,Channel_3,-0.01062967533722871,
M1_40.MAT,data/raw/dataset_2/missing_tooth/1/M1_40.MAT,GBX_MT,sensor1_spd40hz,Channel_2,Channel_4,0.0215840568367809,
M1_40.MAT,data/raw/dataset_2/missing_tooth/1/M1_40.MAT,GBX_MT,sensor1_spd40hz,Channel_3,Channel_4,-0.18226908663013078,
M1_45.MAT,data/raw/dataset_2/missing_tooth/1/M1_45.MAT,GBX_MT,sensor1_spd45hz,Channel_1,Channel_2,-0.08630245676434117,-0.08630245676434117
M1_45.MAT,data/raw/dataset_2/missing_tooth/1/M1_45.MAT,GBX_MT,sensor1_spd45hz,Channel_1,Channel_3,0.014571438374304658,
M1_45.MAT,data/raw/dataset_2/missing_tooth/1/M1_45.MAT,GBX_MT,sensor1_spd45hz,Channel_1,Channel_4,0.01820791017162986,
M1_45.MAT,data/raw/dataset_2/missing_tooth/1/M1_45.MAT,GBX_MT,sensor1_spd45hz,Channel_2,Channel_3,-0.0318273142196288,
M1_45.MAT,data/raw/dataset_2/missing_tooth/1/M1_45.MAT,GBX_MT,sensor1_spd45hz,Channel_2,Channel_4,0.027222166672702032,
M1_45.MAT,data/raw/dataset_2/missing_tooth/1/M1_45.MAT,GBX_MT,sensor1_spd45hz,Channel_3,Channel_4,-0.1950989915896263,
M1_50.MAT,data/raw/dataset_2/missing_tooth/1/M1_50.MAT,GBX_MT,sensor1_spd50hz,Channel_1,Channel_2,-0.09660434018267362,-0.09660434018267362
M1_50.MAT,data/raw/dataset_2/missing_tooth/1/M1_50.MAT,GBX_MT,sensor1_spd50hz,Channel_1,Channel_3,0.03100823727306751,
M1_50.MAT,data/raw/dataset_2/missing_tooth/1/M1_50.MAT,GBX_MT,sensor1_spd50hz,Channel_1,Channel_4,0.01943509731050653,
M1_50.MAT,data/raw/dataset_2/missing_tooth/1/M1_50.MAT,GBX_MT,sensor1_spd50hz,Channel_2,Channel_3,-0.011314812094843313,
M1_50.MAT,data/raw/dataset_2/missing_tooth/1/M1_50.MAT,GBX_MT,sensor1_spd50hz,Channel_2,Channel_4,0.02208731102393029,
M1_50.MAT,data/raw/dataset_2/missing_tooth/1/M1_50.MAT,GBX_MT,sensor1_spd50hz,Channel_3,Channel_4,-0.1599789278143859,
M1_55.MAT,data/raw/dataset_2/missing_tooth/1/M1_55.MAT,GBX_MT,sensor1_spd55hz,Channel_1,Channel_2,-0.12990324825952101,-0.12990324825952101
M1_55.MAT,data/raw/dataset_2/missing_tooth/1/M1_55.MAT,GBX_MT,sensor1_spd55hz,Channel_1,Channel_3,0.018658710674295517,
M1_55.MAT,data/raw/dataset_2/missing_tooth/1/M1_55.MAT,GBX_MT,sensor1_spd55hz,Channel_1,Channel_4,0.01682067094650141,
M1_55.MAT,data/raw/dataset_2/missing_tooth/1/M1_55.MAT,GBX_MT,sensor1_spd55hz,Channel_2,Channel_3,-0.010971916952422013,
M1_55.MAT,data/raw/dataset_2/missing_tooth/1/M1_55.MAT,GBX_MT,sensor1_spd55hz,Channel_2,Channel_4,0.03584265164977653,
M1_55.MAT,data/raw/dataset_2/missing_tooth/1/M1_55.MAT,GBX_MT,sensor1_spd55hz,Channel_3,Channel_4,-0.12755099309142956,
M2_20.MAT,data/raw/dataset_2/missing_tooth/2/M2_20.MAT,GBX_MT,sensor2_spd20hz,Channel_1,Channel_2,-0.08469166905805015,-0.08469166905805015
M2_20.MAT,data/raw/dataset_2/missing_tooth/2/M2_20.MAT,GBX_MT,sensor2_spd20hz,Channel_1,Channel_3,0.006046100647329889,
M2_20.MAT,data/raw/dataset_2/missing_tooth/2/M2_20.MAT,GBX_MT,sensor2_spd20hz,Channel_1,Channel_4,0.027038890946326926,
M2_20.MAT,data/raw/dataset_2/missing_tooth/2/M2_20.MAT,GBX_MT,sensor2_spd20hz,Channel_2,Channel_3,-0.013332468732422992,
M2_20.MAT,data/raw/dataset_2/missing_tooth/2/M2_20.MAT,GBX_MT,sensor2_spd20hz,Channel_2,Channel_4,0.008459432633434573,
M2_20.MAT,data/raw/dataset_2/missing_tooth/2/M2_20.MAT,GBX_MT,sensor2_spd20hz,Channel_3,Channel_4,-0.20868547829187314,
M2_25.MAT,data/raw/dataset_2/missing_tooth/2/M2_25.MAT,GBX_MT,sensor2_spd25hz,Channel_1,Channel_2,-0.027729447542779707,-0.027729447542779707
M2_25.MAT,data/raw/dataset_2/missing_tooth/2/M2_25.MAT,GBX_MT,sensor2_spd25hz,Channel_1,Channel_3,0.002956191000113541,
M2_25.MAT,data/raw/dataset_2/missing_tooth/2/M2_25.MAT,GBX_MT,sensor2_spd25hz,Channel_1,Channel_4,0.02485170547407212,
M2_25.MAT,data/raw/dataset_2/missing_tooth/2/M2_25.MAT,GBX_MT,sensor2_spd25hz,Channel_2,Channel_3,-0.008251583029134058,
M2_25.MAT,data/raw/dataset_2/missing_tooth/2/M2_25.MAT,GBX_MT,sensor2_spd25hz,Channel_2,Channel_4,0.012143736614575752,
M2_25.MAT,data/raw/dataset_2/missing_tooth/2/M2_25.MAT,GBX_MT,sensor2_spd25hz,Channel_3,Channel_4,-0.22539147617802685,
M2_30.MAT,data/raw/dataset_2/missing_tooth/2/M2_30.MAT,GBX_MT,sensor2_spd30hz,Channel_1,Channel_2,-0.0018024900392280055,-0.0018024900392280055
M2_30.MAT,data/raw/dataset_2/missing_tooth/2/M2_30.MAT,GBX_MT,sensor2_spd30hz,Channel_1,Channel_3,0.005097086311519003,
M2_30.MAT,data/raw/dataset_2/missing_tooth/2/M2_30.MAT,GBX_MT,sensor2_spd30hz,Channel_1,Channel_4,0.026205151967147105,
M2_30.MAT,data/raw/dataset_2/missing_tooth/2/M2_30.MAT,GBX_MT,sensor2_spd30hz,Channel_2,Channel_3,-0.018516706599569797,
M2_30.MAT,data/raw/dataset_2/missing_tooth/2/M2_30.MAT,GBX_MT,sensor2_spd30hz,Channel_2,Channel_4,0.024835835224081625,
M2_30.MAT,data/raw/dataset_2/missing_tooth/2/M2_30.MAT,GBX_MT,sensor2_spd30hz,Channel_3,Channel_4,-0.2312506618255646,
M2_35.MAT,data/raw/dataset_2/missing_tooth/2/M2_35.MAT,GBX_MT,sensor2_spd35hz,Channel_1,Channel_2,-0.006307754418887764,-0.006307754418887764
M2_35.MAT,data/raw/dataset_2/missing_tooth/2/M2_35.MAT,GBX_MT,sensor2_spd35hz,Channel_1,Channel_3,0.0030181309049459866,
M2_35.MAT,data/raw/dataset_2/missing_tooth/2/M2_35.MAT,GBX_MT,sensor2_spd35hz,Channel_1,Channel_4,0.030782824892577068,
M2_35.MAT,data/raw/dataset_2/missing_tooth/2/M2_35.MAT,GBX_MT,sensor2_spd35hz,Channel_2,Channel_3,-0.01822034536543201,
M2_35.MAT,data/raw/dataset_2/missing_tooth/2/M2_35.MAT,GBX_MT,sensor2_spd35hz,Channel_2,Channel_4,0.020956215521860156,
M2_35.MAT,data/raw/dataset_2/missing_tooth/2/M2_35.MAT,GBX_MT,sensor2_spd35hz,Channel_3,Channel_4,-0.22425026297022604,
M2_40.MAT,data/raw/dataset_2/missing_tooth/2/M2_40.MAT,GBX_MT,sensor2_spd40hz,Channel_1,Channel_2,0.032746768249431506,0.032746768249431506
M2_40.MAT,data/raw/dataset_2/missing_tooth/2/M2_40.MAT,GBX_MT,sensor2_spd40hz,Channel_1,Channel_3,0.0013573406965950502,
M2_40.MAT,data/raw/dataset_2/missing_tooth/2/M2_40.MAT,GBX_MT,sensor2_spd40hz,Channel_1,Channel_4,0.03927020664284091,
M2_40.MAT,data/raw/dataset_2/missing_tooth/2/M2_40.MAT,GBX_MT,sensor2_spd40hz,Channel_2,Channel_3,-0.016365183971264814,
M2_40.MAT,data/raw/dataset_2/missing_tooth/2/M2_40.MAT,GBX_MT,sensor2_spd40hz,Channel_2,Channel_4,0.027000447485973914,
M2_40.MAT,data/raw/dataset_2/missing_tooth/2/M2_40.MAT,GBX_MT,sensor2_spd40hz,Channel_3,Channel_4,-0.21941100627292787,
M2_45.MAT,data/raw/dataset_2/missing_tooth/2/M2_45.MAT,GBX_MT,sensor2_spd45hz,Channel_1,Channel_2,0.056411431056107436,0.056411431056107436
M2_45.MAT,data/raw/dataset_2/missing_tooth/2/M2_45.MAT,GBX_MT,sensor2_spd45hz,Channel_1,Channel_3,0.004254715313816909,
M2_45.MAT,data/raw/dataset_2/missing_tooth/2/M2_45.MAT,GBX_MT,sensor2_spd45hz,Channel_1,Channel_4,0.030658093814691527,
M2_45.MAT,data/raw/dataset_2/missing_tooth/2/M2_45.MAT,GBX_MT,sensor2_spd45hz,Channel_2,Channel_3,-0.022345610542114754,
M2_45.MAT,data/raw/dataset_2/missing_tooth/2/M2_45.MAT,GBX_MT,sensor2_spd45hz,Channel_2,Channel_4,0.037224243023380094,
M2_45.MAT,data/raw/dataset_2/missing_tooth/2/M2_45.MAT,GBX_MT,sensor2_spd45hz,Channel_3,Channel_4,-0.2376093415990901,
M2_50.MAT,data/raw/dataset_2/missing_tooth/2/M2_50.MAT,GBX_MT,sensor2_spd50hz,Channel_1,Channel_2,0.003060029732842737,0.003060029732842737
M2_50.MAT,data/raw/dataset_2/missing_tooth/2/M2_50.MAT,GBX_MT,sensor2_spd50hz,Channel_1,Channel_3,0.009282221903007244,
M2_50.MAT,data/raw/dataset_2/missing_tooth/2/M2_50.MAT,GBX_MT,sensor2_spd50hz,Channel_1,Channel_4,0.025302104072348605,
M2_50.MAT,data/raw/dataset_2/missing_tooth/2/M2_50.MAT,GBX_MT,sensor2_spd50hz,Channel_2,Channel_3,-0.008018013243347116,
M2_50.MAT,data/raw/dataset_2/missing_tooth/2/M2_50.MAT,GBX_MT,sensor2_spd50hz,Channel_2,Channel_4,0.019436188647091002,
M2_50.MAT,data/raw/dataset_2/missing_tooth/2/M2_50.MAT,GBX_MT,sensor2_spd50hz,Channel_3,Channel_4,-0.20162717144823195,
M2_55.MAT,data/raw/dataset_2/missing_tooth/2/M2_55.MAT,GBX_MT,sensor2_spd55hz,Channel_1,Channel_2,-0.03232730138343512,-0.03232730138343512
M2_55.MAT,data/raw/dataset_2/missing_tooth/2/M2_55.MAT,GBX_MT,sensor2_spd55hz,Channel_1,Channel_3,0.008467260706787298,
M2_55.MAT,data/raw/dataset_2/missing_tooth/2/M2_55.MAT,GBX_MT,sensor2_spd55hz,Channel_1,Channel_4,0.038803421117162264,
M2_55.MAT,data/raw/dataset_2/missing_tooth/2/M2_55.MAT,GBX_MT,sensor2_spd55hz,Channel_2,Channel_3,-0.01801295537897325,
M2_55.MAT,data/raw/dataset_2/missing_tooth/2/M2_55.MAT,GBX_MT,sensor2_spd55hz,Channel_2,Channel_4,0.018447528830240992,
M2_55.MAT,data/raw/dataset_2/missing_tooth/2/M2_55.MAT,GBX_MT,sensor2_spd55hz,Channel_3,Channel_4,-0.14964577227735107,
R1_20.MAT,data/raw/dataset_2/root_crack/1/R1_20.MAT,GBX_RC,sensor1_spd20hz,Channel_1,Channel_2,0.0012708377249818538,0.0012708377249818538
R1_20.MAT,data/raw/dataset_2/root_crack/1/R1_20.MAT,GBX_RC,sensor1_spd20hz,Channel_1,Channel_3,0.015862935765771514,
R1_20.MAT,data/raw/dataset_2/root_crack/1/R1_20.MAT,GBX_RC,sensor1_spd20hz,Channel_1,Channel_4,0.009652513005012226,
R1_20.MAT,data/raw/dataset_2/root_crack/1/R1_20.MAT,GBX_RC,sensor1_spd20hz,Channel_2,Channel_3,-0.040350234077838394,
R1_20.MAT,data/raw/dataset_2/root_crack/1/R1_20.MAT,GBX_RC,sensor1_spd20hz,Channel_2,Channel_4,0.014373185505343946,
R1_20.MAT,data/raw/dataset_2/root_crack/1/R1_20.MAT,GBX_RC,sensor1_spd20hz,Channel_3,Channel_4,-0.2179433306880753,
R1_25.MAT,data/raw/dataset_2/root_crack/1/R1_25.MAT,GBX_RC,sensor1_spd25hz,Channel_1,Channel_2,0.01221325615701071,0.01221325615701071
R1_25.MAT,data/raw/dataset_2/root_crack/1/R1_25.MAT,GBX_RC,sensor1_spd25hz,Channel_1,Channel_3,0.012617165796521949,
R1_25.MAT,data/raw/dataset_2/root_crack/1/R1_25.MAT,GBX_RC,sensor1_spd25hz,Channel_1,Channel_4,0.01614183983436882,
R1_25.MAT,data/raw/dataset_2/root_crack/1/R1_25.MAT,GBX_RC,sensor1_spd25hz,Channel_2,Channel_3,-0.023291192388720044,
R1_25.MAT,data/raw/dataset_2/root_crack/1/R1_25.MAT,GBX_RC,sensor1_spd25hz,Channel_2,Channel_4,0.005775510469601776,
R1_25.MAT,data/raw/dataset_2/root_crack/1/R1_25.MAT,GBX_RC,sensor1_spd25hz,Channel_3,Channel_4,-0.24009114084629127,
R1_30.MAT,data/raw/dataset_2/root_crack/1/R1_30.MAT,GBX_RC,sensor1_spd30hz,Channel_1,Channel_2,-0.08712595057216237,-0.08712595057216237
R1_30.MAT,data/raw/dataset_2/root_crack/1/R1_30.MAT,GBX_RC,sensor1_spd30hz,Channel_1,Channel_3,0.022046172383049824,
R1_30.MAT,data/raw/dataset_2/root_crack/1/R1_30.MAT,GBX_RC,sensor1_spd30hz,Channel_1,Channel_4,0.020865679658984015,
R1_30.MAT,data/raw/dataset_2/root_crack/1/R1_30.MAT,GBX_RC,sensor1_spd30hz,Channel_2,Channel_3,-0.027990424335458935,
R1_30.MAT,data/raw/dataset_2/root_crack/1/R1_30.MAT,GBX_RC,sensor1_spd30hz,Channel_2,Channel_4,0.008735487309265946,
R1_30.MAT,data/raw/dataset_2/root_crack/1/R1_30.MAT,GBX_RC,sensor1_spd30hz,Channel_3,Channel_4,-0.24575746158122208,
R1_35.MAT,data/raw/dataset_2/root_crack/1/R1_35.MAT,GBX_RC,sensor1_spd35hz,Channel_1,Channel_2,-0.06517109456392858,-0.06517109456392858
R1_35.MAT,data/raw/dataset_2/root_crack/1/R1_35.MAT,GBX_RC,sensor1_spd35hz,Channel_1,Channel_3,0.01867873448238946,
R1_35.MAT,data/raw/dataset_2/root_crack/1/R1_35.MAT,GBX_RC,sensor1_spd35hz,Channel_1,Channel_4,0.025782157635673056,
R1_35.MAT,data/raw/dataset_2/root_crack/1/R1_35.MAT,GBX_RC,sensor1_spd35hz,Channel_2,Channel_3,-0.028162731259387567,
R1_35.MAT,data/raw/dataset_2/root_crack/1/R1_35.MAT,GBX_RC,sensor1_spd35hz,Channel_2,Channel_4,0.004584537002553459,
R1_35.MAT,data/raw/dataset_2/root_crack/1/R1_35.MAT,GBX_RC,sensor1_spd35hz,Channel_3,Channel_4,-0.25428506976577336,
R1_40.MAT,data/raw/dataset_2/root_crack/1/R1_40.MAT,GBX_RC,sensor1_spd40hz,Channel_1,Channel_2,-0.06361839497043206,-0.06361839497043206
R1_40.MAT,data/raw/dataset_2/root_crack/1/R1_40.MAT,GBX_RC,sensor1_spd40hz,Channel_1,Channel_3,0.006703519678992046,
R1_40.MAT,data/raw/dataset_2/root_crack/1/R1_40.MAT,GBX_RC,sensor1_spd40hz,Channel_1,Channel_4,0.02059810010927191,
R1_40.MAT,data/raw/dataset_2/root_crack/1/R1_40.MAT,GBX_RC,sensor1_spd40hz,Channel_2,Channel_3,-0.04710652019714388,
R1_40.MAT,data/raw/dataset_2/root_crack/1/R1_40.MAT,GBX_RC,sensor1_spd40hz,Channel_2,Channel_4,0.006937592143098909,
R1_40.MAT,data/raw/dataset_2/root_crack/1/R1_40.MAT,GBX_RC,sensor1_spd40hz,Channel_3,Channel_4,-0.2638496378726167,
R1_45.MAT,data/raw/dataset_2/root_crack/1/R1_45.MAT,GBX_RC,sensor1_spd45hz,Channel_1,Channel_2,0.05548636316403538,0.05548636316403538
R1_45.MAT,data/raw/dataset_2/root_crack/1/R1_45.MAT,GBX_RC,sensor1_spd45hz,Channel_1,Channel_3,0.013919686491072086,
R1_45.MAT,data/raw/dataset_2/root_crack/1/R1_45.MAT,GBX_RC,sensor1_spd45hz,Channel_1,Channel_4,0.016894144612101952,
R1_45.MAT,data/raw/dataset_2/root_crack/1/R1_45.MAT,GBX_RC,sensor1_spd45hz,Channel_2,Channel_3,-0.04538768772591581,
R1_45.MAT,data/raw/dataset_2/root_crack/1/R1_45.MAT,GBX_RC,sensor1_spd45hz,Channel_2,Channel_4,0.00463568894376061,
R1_45.MAT,data/raw/dataset_2/root_crack/1/R1_45.MAT,GBX_RC,sensor1_spd45hz,Channel_3,Channel_4,-0.25701243820836606,
R1_50.MAT,data/raw/dataset_2/root_crack/1/R1_50.MAT,GBX_RC,sensor1_spd50hz,Channel_1,Channel_2,0.005307916369729537,0.005307916369729537
R1_50.MAT,data/raw/dataset_2/root_crack/1/R1_50.MAT,GBX_RC,sensor1_spd50hz,Channel_1,Channel_3,0.0203324466327283,
R1_50.MAT,data/raw/dataset_2/root_crack/1/R1_50.MAT,GBX_RC,sensor1_spd50hz,Channel_1,Channel_4,0.017286031987528958,
R1_50.MAT,data/raw/dataset_2/root_crack/1/R1_50.MAT,GBX_RC,sensor1_spd50hz,Channel_2,Channel_3,-0.04780504536613946,
R1_50.MAT,data/raw/dataset_2/root_crack/1/R1_50.MAT,GBX_RC,sensor1_spd50hz,Channel_2,Channel_4,0.013035848560683138,
R1_50.MAT,data/raw/dataset_2/root_crack/1/R1_50.MAT,GBX_RC,sensor1_spd50hz,Channel_3,Channel_4,-0.21413473379014383,
R1_55.MAT,data/raw/dataset_2/root_crack/1/R1_55.MAT,GBX_RC,sensor1_spd55hz,Channel_1,Channel_2,0.08938340573296764,0.08938340573296764
R1_55.MAT,data/raw/dataset_2/root_crack/1/R1_55.MAT,GBX_RC,sensor1_spd55hz,Channel_1,Channel_3,0.018416988680207982,
R1_55.MAT,data/raw/dataset_2/root_crack/1/R1_55.MAT,GBX_RC,sensor1_spd55hz,Channel_1,Channel_4,0.019918319813090644,
R1_55.MAT,data/raw/dataset_2/root_crack/1/R1_55.MAT,GBX_RC,sensor1_spd55hz,Channel_2,Channel_3,-0.03294197077815109,
R1_55.MAT,data/raw/dataset_2/root_crack/1/R1_55.MAT,GBX_RC,sensor1_spd55hz,Channel_2,Channel_4,0.013893546629151132,
R1_55.MAT,data/raw/dataset_2/root_crack/1/R1_55.MAT,GBX_RC,sensor1_spd55hz,Channel_3,Channel_4,-0.15212562933398247,
R2_20.MAT,data/raw/dataset_2/root_crack/2/R2_20.MAT,GBX_RC,sensor2_spd20hz,Channel_1,Channel_2,0.10965175306546425,0.10965175306546425
R2_20.MAT,data/raw/dataset_2/root_crack/2/R2_20.MAT,GBX_RC,sensor2_spd20hz,Channel_1,Channel_3,0.03349827934145631,
R2_20.MAT,data/raw/dataset_2/root_crack/2/R2_20.MAT,GBX_RC,sensor2_spd20hz,Channel_1,Channel_4,0.00023729221857958675,
R2_20.MAT,data/raw/dataset_2/root_crack/2/R2_20.MAT,GBX_RC,sensor2_spd20hz,Channel_2,Channel_3,-0.05033715539731083,
R2_20.MAT,data/raw/dataset_2/root_crack/2/R2_20.MAT,GBX_RC,sensor2_spd20hz,Channel_2,Channel_4,0.01689193386594831,
R2_20.MAT,data/raw/dataset_2/root_crack/2/R2_20.MAT,GBX_RC,sensor2_spd20hz,Channel_3,Channel_4,-0.19940815489413585,
R2_25.MAT,data/raw/dataset_2/root_crack/2/R2_25.MAT,GBX_RC,sensor2_spd25hz,Channel_1,Channel_2,0.13876674173824827,0.13876674173824827
R2_25.MAT,data/raw/dataset_2/root_crack/2/R2_25.MAT,GBX_RC,sensor2_spd25hz,Channel_1,Channel_3,0.020284408701217328,
R2_25.MAT,data/raw/dataset_2/root_crack/2/R2_25.MAT,GBX_RC,sensor2_spd25hz,Channel_1,Channel_4,-0.0012877310058180002,
R2_25.MAT,data/raw/dataset_2/root_crack/2/R2_25.MAT,GBX_RC,sensor2_spd25hz,Channel_2,Channel_3,-0.030942140963322637,
R2_25.MAT,data/raw/dataset_2/root_crack/2/R2_25.MAT,GBX_RC,sensor2_spd25hz,Channel_2,Channel_4,0.0054408347117081805,
R2_25.MAT,data/raw/dataset_2/root_crack/2/R2_25.MAT,GBX_RC,sensor2_spd25hz,Channel_3,Channel_4,-0.21648572734987429,
R2_30.MAT,data/raw/dataset_2/root_crack/2/R2_30.MAT,GBX_RC,sensor2_spd30hz,Channel_1,Channel_2,0.09317806830185467,0.09317806830185467
R2_30.MAT,data/raw/dataset_2/root_crack/2/R2_30.MAT,GBX_RC,sensor2_spd30hz,Channel_1,Channel_3,0.005084754144763743,
R2_30.MAT,data/raw/dataset_2/root_crack/2/R2_30.MAT,GBX_RC,sensor2_spd30hz,Channel_1,Channel_4,0.007894394322141583,
R2_30.MAT,data/raw/dataset_2/root_crack/2/R2_30.MAT,GBX_RC,sensor2_spd30hz,Channel_2,Channel_3,-0.05153342078885304,
R2_30.MAT,data/raw/dataset_2/root_crack/2/R2_30.MAT,GBX_RC,sensor2_spd30hz,Channel_2,Channel_4,0.01679191104146446,
R2_30.MAT,data/raw/dataset_2/root_crack/2/R2_30.MAT,GBX_RC,sensor2_spd30hz,Channel_3,Channel_4,-0.22823875659986637,
R2_35.MAT,data/raw/dataset_2/root_crack/2/R2_35.MAT,GBX_RC,sensor2_spd35hz,Channel_1,Channel_2,0.055199303098538384,0.055199303098538384
R2_35.MAT,data/raw/dataset_2/root_crack/2/R2_35.MAT,GBX_RC,sensor2_spd35hz,Channel_1,Channel_3,0.02035361563106776,
R2_35.MAT,data/raw/dataset_2/root_crack/2/R2_35.MAT,GBX_RC,sensor2_spd35hz,Channel_1,Channel_4,0.010627296326172734,
R2_35.MAT,data/raw/dataset_2/root_crack/2/R2_35.MAT,GBX_RC,sensor2_spd35hz,Channel_2,Channel_3,-0.051797215956648865,
R2_35.MAT,data/raw/dataset_2/root_crack/2/R2_35.MAT,GBX_RC,sensor2_spd35hz,Channel_2,Channel_4,0.020896167772860214,
R2_35.MAT,data/raw/dataset_2/root_crack/2/R2_35.MAT,GBX_RC,sensor2_spd35hz,Channel_3,Channel_4,-0.230146089071383,
R2_40.MAT,data/raw/dataset_2/root_crack/2/R2_40.MAT,GBX_RC,sensor2_spd40hz,Channel_1,Channel_2,0.021643325524866933,0.021643325524866933
R2_40.MAT,data/raw/dataset_2/root_crack/2/R2_40.MAT,GBX_RC,sensor2_spd40hz,Channel_1,Channel_3,0.01424176081259352,
R2_40.MAT,data/raw/dataset_2/root_crack/2/R2_40.MAT,GBX_RC,sensor2_spd40hz,Channel_1,Channel_4,0.01953465275649652,
R2_40.MAT,data/raw/dataset_2/root_crack/2/R2_40.MAT,GBX_RC,sensor2_spd40hz,Channel_2,Channel_3,-0.06202101097814669,
R2_40.MAT,data/raw/dataset_2/root_crack/2/R2_40.MAT,GBX_RC,sensor2_spd40hz,Channel_2,Channel_4,0.02245235763978005,
R2_40.MAT,data/raw/dataset_2/root_crack/2/R2_40.MAT,GBX_RC,sensor2_spd40hz,Channel_3,Channel_4,-0.22882916887263796,
R2_45.MAT,data/raw/dataset_2/root_crack/2/R2_45.MAT,GBX_RC,sensor2_spd45hz,Channel_1,Channel_2,0.05753965617998384,0.05753965617998384
R2_45.MAT,data/raw/dataset_2/root_crack/2/R2_45.MAT,GBX_RC,sensor2_spd45hz,Channel_1,Channel_3,0.030634460319614816,
R2_45.MAT,data/raw/dataset_2/root_crack/2/R2_45.MAT,GBX_RC,sensor2_spd45hz,Channel_1,Channel_4,0.01568792742399021,
R2_45.MAT,data/raw/dataset_2/root_crack/2/R2_45.MAT,GBX_RC,sensor2_spd45hz,Channel_2,Channel_3,-0.05916905682000892,
R2_45.MAT,data/raw/dataset_2/root_crack/2/R2_45.MAT,GBX_RC,sensor2_spd45hz,Channel_2,Channel_4,0.021346838067527144,
R2_45.MAT,data/raw/dataset_2/root_crack/2/R2_45.MAT,GBX_RC,sensor2_spd45hz,Channel_3,Channel_4,-0.24277736985000045,
R2_50.MAT,data/raw/dataset_2/root_crack/2/R2_50.MAT,GBX_RC,sensor2_spd50hz,Channel_1,Channel_2,0.06424339569353398,0.06424339569353398
R2_50.MAT,data/raw/dataset_2/root_crack/2/R2_50.MAT,GBX_RC,sensor2_spd50hz,Channel_1,Channel_3,0.033378096049414246,
R2_50.MAT,data/raw/dataset_2/root_crack/2/R2_50.MAT,GBX_RC,sensor2_spd50hz,Channel_1,Channel_4,0.013936029930750793,
R2_50.MAT,data/raw/dataset_2/root_crack/2/R2_50.MAT,GBX_RC,sensor2_spd50hz,Channel_2,Channel_3,-0.035961766317377686,
R2_50.MAT,data/raw/dataset_2/root_crack/2/R2_50.MAT,GBX_RC,sensor2_spd50hz,Channel_2,Channel_4,0.020954314454181402,
R2_50.MAT,data/raw/dataset_2/root_crack/2/R2_50.MAT,GBX_RC,sensor2_spd50hz,Channel_3,Channel_4,-0.20529206363178684,
R2_55.MAT,data/raw/dataset_2/root_crack/2/R2_55.MAT,GBX_RC,sensor2_spd55hz,Channel_1,Channel_2,0.09293457355266825,0.09293457355266825
R2_55.MAT,data/raw/dataset_2/root_crack/2/R2_55.MAT,GBX_RC,sensor2_spd55hz,Channel_1,Channel_3,0.051871210916735924,
R2_55.MAT,data/raw/dataset_2/root_crack/2/R2_55.MAT,GBX_RC,sensor2_spd55hz,Channel_1,Channel_4,0.014143828911873886,
R2_55.MAT,data/raw/dataset_2/root_crack/2/R2_55.MAT,GBX_RC,sensor2_spd55hz,Channel_2,Channel_3,-0.03781888443812417,
R2_55.MAT,data/raw/dataset_2/root_crack/2/R2_55.MAT,GBX_RC,sensor2_spd55hz,Channel_2,Channel_4,0.013570874776618901,
R2_55.MAT,data/raw/dataset_2/root_crack/2/R2_55.MAT,GBX_RC,sensor2_spd55hz,Channel_3,Channel_4,-0.16609706392925264,
W1_20.MAT,data/raw/dataset_2/wear/1/W1_20.MAT,GBX_WR,sensor1_spd20hz,Channel_1,Channel_2,-0.13770432502267566,-0.13770432502267566
W1_20.MAT,data/raw/dataset_2/wear/1/W1_20.MAT,GBX_WR,sensor1_spd20hz,Channel_1,Channel_3,0.00031780956970517464,
W1_20.MAT,data/raw/dataset_2/wear/1/W1_20.MAT,GBX_WR,sensor1_spd20hz,Channel_1,Channel_4,0.02385664704142317,
W1_20.MAT,data/raw/dataset_2/wear/1/W1_20.MAT,GBX_WR,sensor1_spd20hz,Channel_2,Channel_3,-0.00919259960327457,
W1_20.MAT,data/raw/dataset_2/wear/1/W1_20.MAT,GBX_WR,sensor1_spd20hz,Channel_2,Channel_4,-0.006476731456302391,
W1_20.MAT,data/raw/dataset_2/wear/1/W1_20.MAT,GBX_WR,sensor1_spd20hz,Channel_3,Channel_4,-0.13767152399955848,
W1_25.MAT,data/raw/dataset_2/wear/1/W1_25.MAT,GBX_WR,sensor1_spd25hz,Channel_1,Channel_2,-0.10546959280170014,-0.10546959280170014
W1_25.MAT,data/raw/dataset_2/wear/1/W1_25.MAT,GBX_WR,sensor1_spd25hz,Channel_1,Channel_3,0.006942797976051758,
W1_25.MAT,data/raw/dataset_2/wear/1/W1_25.MAT,GBX_WR,sensor1_spd25hz,Channel_1,Channel_4,0.029801226585686635,
W1_25.MAT,data/raw/dataset_2/wear/1/W1_25.MAT,GBX_WR,sensor1_spd25hz,Channel_2,Channel_3,-0.005043277306359006,
W1_25.MAT,data/raw/dataset_2/wear/1/W1_25.MAT,GBX_WR,sensor1_spd25hz,Channel_2,Channel_4,-0.010085292647607649,
W1_25.MAT,data/raw/dataset_2/wear/1/W1_25.MAT,GBX_WR,sensor1_spd25hz,Channel_3,Channel_4,-0.14323381359639356,
W1_30.MAT,data/raw/dataset_2/wear/1/W1_30.MAT,GBX_WR,sensor1_spd30hz,Channel_1,Channel_2,-0.11336014793961242,-0.11336014793961242
W1_30.MAT,data/raw/dataset_2/wear/1/W1_30.MAT,GBX_WR,sensor1_spd30hz,Channel_1,Channel_3,0.007918091482964705,
W1_30.MAT,data/raw/dataset_2/wear/1/W1_30.MAT,GBX_WR,sensor1_spd30hz,Channel_1,Channel_4,0.031196788809003166,
W1_30.MAT,data/raw/dataset_2/wear/1/W1_30.MAT,GBX_WR,sensor1_spd30hz,Channel_2,Channel_3,-0.007932599202229192,
W1_30.MAT,data/raw/dataset_2/wear/1/W1_30.MAT,GBX_WR,sensor1_spd30hz,Channel_2,Channel_4,-0.008867636110341748,
W1_30.MAT,data/raw/dataset_2/wear/1/W1_30.MAT,GBX_WR,sensor1_spd30hz,Channel_3,Channel_4,-0.15019539565382276,
W1_35.MAT,data/raw/dataset_2/wear/1/W1_35.MAT,GBX_WR,sensor1_spd35hz,Channel_1,Channel_2,-0.10785455054847261,-0.10785455054847261
W1_35.MAT,data/raw/dataset_2/wear/1/W1_35.MAT,GBX_WR,sensor1_spd35hz,Channel_1,Channel_3,0.00878158930850124,
W1_35.MAT,data/raw/dataset_2/wear/1/W1_35.MAT,GBX_WR,sensor1_spd35hz,Channel_1,Channel_4,0.031291672918024795,
W1_35.MAT,data/raw/dataset_2/wear/1/W1_35.MAT,GBX_WR,sensor1_spd35hz,Channel_2,Channel_3,-0.008768787268424052,
W1_35.MAT,data/raw/dataset_2/wear/1/W1_35.MAT,GBX_WR,sensor1_spd35hz,Channel_2,Channel_4,-0.00903144778007946,
W1_35.MAT,data/raw/dataset_2/wear/1/W1_35.MAT,GBX_WR,sensor1_spd35hz,Channel_3,Channel_4,-0.1639827452001685,
W1_40.MAT,data/raw/dataset_2/wear/1/W1_40.MAT,GBX_WR,sensor1_spd40hz,Channel_1,Channel_2,-0.09559628981741353,-0.09559628981741353
W1_40.MAT,data/raw/dataset_2/wear/1/W1_40.MAT,GBX_WR,sensor1_spd40hz,Channel_1,Channel_3,0.014781361710551395,
W1_40.MAT,data/raw/dataset_2/wear/1/W1_40.MAT,GBX_WR,sensor1_spd40hz,Channel_1,Channel_4,0.03200375495043199,
W1_40.MAT,data/raw/dataset_2/wear/1/W1_40.MAT,GBX_WR,sensor1_spd40hz,Channel_2,Channel_3,-0.010966641903360871,
W1_40.MAT,data/raw/dataset_2/wear/1/W1_40.MAT,GBX_WR,sensor1_spd40hz,Channel_2,Channel_4,-0.022099756598501764,
W1_40.MAT,data/raw/dataset_2/wear/1/W1_40.MAT,GBX_WR,sensor1_spd40hz,Channel_3,Channel_4,-0.17165458556509564,
W1_45.MAT,data/raw/dataset_2/wear/1/W1_45.MAT,GBX_WR,sensor1_spd45hz,Channel_1,Channel_2,-0.034102014962297186,-0.034102014962297186
W1_45.MAT,data/raw/dataset_2/wear/1/W1_45.MAT,GBX_WR,sensor1_spd45hz,Channel_1,Channel_3,0.01434105431200566,
W1_45.MAT,data/raw/dataset_2/wear/1/W1_45.MAT,GBX_WR,sensor1_spd45hz,Channel_1,Channel_4,0.03702448902477043,
W1_45.MAT,data/raw/dataset_2/wear/1/W1_45.MAT,GBX_WR,sensor1_spd45hz,Channel_2,Channel_3,-0.013211690098037005,
W1_45.MAT,data/raw/dataset_2/wear/1/W1_45.MAT,GBX_WR,sensor1_spd45hz,Channel_2,Channel_4,0.00037023310977570017,
W1_45.MAT,data/raw/dataset_2/wear/1/W1_45.MAT,GBX_WR,sensor1_spd45hz,Channel_3,Channel_4,-0.17771908761559224,
W1_50.MAT,data/raw/dataset_2/wear/1/W1_50.MAT,GBX_WR,sensor1_spd50hz,Channel_1,Channel_2,-0.05905353417212387,-0.05905353417212387
W1_50.MAT,data/raw/dataset_2/wear/1/W1_50.MAT,GBX_WR,sensor1_spd50hz,Channel_1,Channel_3,0.01468357715328248,
W1_50.MAT,data/raw/dataset_2/wear/1/W1_50.MAT,GBX_WR,sensor1_spd50hz,Channel_1,Channel_4,0.043757706009512586,
W1_50.MAT,data/raw/dataset_2/wear/1/W1_50.MAT,GBX_WR,sensor1_spd50hz,Channel_2,Channel_3,-0.012624912770896283,
W1_50.MAT,data/raw/dataset_2/wear/1/W1_50.MAT,GBX_WR,sensor1_spd50hz,Channel_2,Channel_4,-0.028230876101241763,
W1_50.MAT,data/raw/dataset_2/wear/1/W1_50.MAT,GBX_WR,sensor1_spd50hz,Channel_3,Channel_4,-0.15855733985870485,
W1_55.MAT,data/raw/dataset_2/wear/1/W1_55.MAT,GBX_WR,sensor1_spd55hz,Channel_1,Channel_2,-0.03125906907080643,-0.03125906907080643
W1_55.MAT,data/raw/dataset_2/wear/1/W1_55.MAT,GBX_WR,sensor1_spd55hz,Channel_1,Channel_3,0.00879459524976637,
W1_55.MAT,data/raw/dataset_2/wear/1/W1_55.MAT,GBX_WR,sensor1_spd55hz,Channel_1,Channel_4,0.041335811917447764,
W1_55.MAT,data/raw/dataset_2/wear/1/W1_55.MAT,GBX_WR,sensor1_spd55hz,Channel_2,Channel_3,-0.014321099947002173,
W1_55.MAT,data/raw/dataset_2/wear/1/W1_55.MAT,GBX_WR,sensor1_spd55hz,Channel_2,Channel_4,-0.010891348947541388,
W1_55.MAT,data/raw/dataset_2/wear/1/W1_55.MAT,GBX_WR,sensor1_spd55hz,Channel_3,Channel_4,-0.13075411898827738,
W2_20.MAT,data/raw/dataset_2/wear/2/W2_20.MAT,GBX_WR,sensor2_spd20hz,Channel_1,Channel_2,-0.0773607002968453,-0.0773607002968453
W2_20.MAT,data/raw/dataset_2/wear/2/W2_20.MAT,GBX_WR,sensor2_spd20hz,Channel_1,Channel_3,0.008765570694371111,
W2_20.MAT,data/raw/dataset_2/wear/2/W2_20.MAT,GBX_WR,sensor2_spd20hz,Channel_1,Channel_4,0.03074015546988213,
W2_20.MAT,data/raw/dataset_2/wear/2/W2_20.MAT,GBX_WR,sensor2_spd20hz,Channel_2,Channel_3,-0.013081538891539098,
W2_20.MAT,data/raw/dataset_2/wear/2/W2_20.MAT,GBX_WR,sensor2_spd20hz,Channel_2,Channel_4,0.03827682032673164,
W2_20.MAT,data/raw/dataset_2/wear/2/W2_20.MAT,GBX_WR,sensor2_spd20hz,Channel_3,Channel_4,-0.19446269641511443,
W2_25.MAT,data/raw/dataset_2/wear/2/W2_25.MAT,GBX_WR,sensor2_spd25hz,Channel_1,Channel_2,-0.16808306590370084,-0.16808306590370084
W2_25.MAT,data/raw/dataset_2/wear/2/W2_25.MAT,GBX_WR,sensor2_spd25hz,Channel_1,Channel_3,0.007382483094891706,
W2_25.MAT,data/raw/dataset_2/wear/2/W2_25.MAT,GBX_WR,sensor2_spd25hz,Channel_1,Channel_4,0.050874762746031844,
W2_25.MAT,data/raw/dataset_2/wear/2/W2_25.MAT,GBX_WR,sensor2_spd25hz,Channel_2,Channel_3,-0.007915322306325074,
W2_25.MAT,data/raw/dataset_2/wear/2/W2_25.MAT,GBX_WR,sensor2_spd25hz,Channel_2,Channel_4,0.042491354199878074,
W2_25.MAT,data/raw/dataset_2/wear/2/W2_25.MAT,GBX_WR,sensor2_spd25hz,Channel_3,Channel_4,-0.2052773912620291,
W2_30.MAT,data/raw/dataset_2/wear/2/W2_30.MAT,GBX_WR,sensor2_spd30hz,Channel_1,Channel_2,-0.25548849322067807,-0.25548849322067807
W2_30.MAT,data/raw/dataset_2/wear/2/W2_30.MAT,GBX_WR,sensor2_spd30hz,Channel_1,Channel_3,0.008286201398480549,
W2_30.MAT,data/raw/dataset_2/wear/2/W2_30.MAT,GBX_WR,sensor2_spd30hz,Channel_1,Channel_4,0.08785077178827973,
W2_30.MAT,data/raw/dataset_2/wear/2/W2_30.MAT,GBX_WR,sensor2_spd30hz,Channel_2,Channel_3,-0.023074595595810952,
W2_30.MAT,data/raw/dataset_2/wear/2/W2_30.MAT,GBX_WR,sensor2_spd30hz,Channel_2,Channel_4,0.021287215232493554,
W2_30.MAT,data/raw/dataset_2/wear/2/W2_30.MAT,GBX_WR,sensor2_spd30hz,Channel_3,Channel_4,-0.21434717186523933,
W2_35.MAT,data/raw/dataset_2/wear/2/W2_35.MAT,GBX_WR,sensor2_spd35hz,Channel_1,Channel_2,-0.22193100684170902,-0.22193100684170902
W2_35.MAT,data/raw/dataset_2/wear/2/W2_35.MAT,GBX_WR,sensor2_spd35hz,Channel_1,Channel_3,-0.008949100378938483,
W2_35.MAT,data/raw/dataset_2/wear/2/W2_35.MAT,GBX_WR,sensor2_spd35hz,Channel_1,Channel_4,0.0924712753514809,
W2_35.MAT,data/raw/dataset_2/wear/2/W2_35.MAT,GBX_WR,sensor2_spd35hz,Channel_2,Channel_3,-0.020163080838102275,
W2_35.MAT,data/raw/dataset_2/wear/2/W2_35.MAT,GBX_WR,sensor2_spd35hz,Channel_2,Channel_4,-0.016580146794336004,
W2_35.MAT,data/raw/dataset_2/wear/2/W2_35.MAT,GBX_WR,sensor2_spd35hz,Channel_3,Channel_4,-0.20685864985087815,
W2_40.MAT,data/raw/dataset_2/wear/2/W2_40.MAT,GBX_WR,sensor2_spd40hz,Channel_1,Channel_2,-0.1979698751931944,-0.1979698751931944
W2_40.MAT,data/raw/dataset_2/wear/2/W2_40.MAT,GBX_WR,sensor2_spd40hz,Channel_1,Channel_3,-0.004679854001859391,
W2_40.MAT,data/raw/dataset_2/wear/2/W2_40.MAT,GBX_WR,sensor2_spd40hz,Channel_1,Channel_4,0.06948937618817558,
W2_40.MAT,data/raw/dataset_2/wear/2/W2_40.MAT,GBX_WR,sensor2_spd40hz,Channel_2,Channel_3,-0.028491129034003308,
W2_40.MAT,data/raw/dataset_2/wear/2/W2_40.MAT,GBX_WR,sensor2_spd40hz,Channel_2,Channel_4,-0.010652161491419563,
W2_40.MAT,data/raw/dataset_2/wear/2/W2_40.MAT,GBX_WR,sensor2_spd40hz,Channel_3,Channel_4,-0.2203384433847698,
W2_45.MAT,data/raw/dataset_2/wear/2/W2_45.MAT,GBX_WR,sensor2_spd45hz,Channel_1,Channel_2,-0.11594231925589325,-0.11594231925589325
W2_45.MAT,data/raw/dataset_2/wear/2/W2_45.MAT,GBX_WR,sensor2_spd45hz,Channel_1,Channel_3,-0.0004471080569734068,
W2_45.MAT,data/raw/dataset_2/wear/2/W2_45.MAT,GBX_WR,sensor2_spd45hz,Channel_1,Channel_4,0.05834772142464533,
W2_45.MAT,data/raw/dataset_2/wear/2/W2_45.MAT,GBX_WR,sensor2_spd45hz,Channel_2,Channel_3,-0.016523946543576012,
W2_45.MAT,data/raw/dataset_2/wear/2/W2_45.MAT,GBX_WR,sensor2_spd45hz,Channel_2,Channel_4,0.01253352616178286,
W2_45.MAT,data/raw/dataset_2/wear/2/W2_45.MAT,GBX_WR,sensor2_spd45hz,Channel_3,Channel_4,-0.22757881365519872,
W2_50.MAT,data/raw/dataset_2/wear/2/W2_50.MAT,GBX_WR,sensor2_spd50hz,Channel_1,Channel_2,-0.23979953086580139,-0.23979953086580139
W2_50.MAT,data/raw/dataset_2/wear/2/W2_50.MAT,GBX_WR,sensor2_spd50hz,Channel_1,Channel_3,0.002164160401731429,
W2_50.MAT,data/raw/dataset_2/wear/2/W2_50.MAT,GBX_WR,sensor2_spd50hz,Channel_1,Channel_4,0.06075633964654217,
W2_50.MAT,data/raw/dataset_2/wear/2/W2_50.MAT,GBX_WR,sensor2_spd50hz,Channel_2,Channel_3,-0.004180756659298417,
W2_50.MAT,data/raw/dataset_2/wear/2/W2_50.MAT,GBX_WR,sensor2_spd50hz,Channel_2,Channel_4,-0.006460652556156971,
W2_50.MAT,data/raw/dataset_2/wear/2/W2_50.MAT,GBX_WR,sensor2_spd50hz,Channel_3,Channel_4,-0.22068804428123726,
W2_55.MAT,data/raw/dataset_2/wear/2/W2_55.MAT,GBX_WR,sensor2_spd55hz,Channel_1,Channel_2,-0.04086859502900176,-0.04086859502900176
W2_55.MAT,data/raw/dataset_2/wear/2/W2_55.MAT,GBX_WR,sensor2_spd55hz,Channel_1,Channel_3,-0.0026236924144548246,
W2_55.MAT,data/raw/dataset_2/wear/2/W2_55.MAT,GBX_WR,sensor2_spd55hz,Channel_1,Channel_4,0.06885267470878903,
W2_55.MAT,data/raw/dataset_2/wear/2/W2_55.MAT,GBX_WR,sensor2_spd55hz,Channel_2,Channel_3,-0.013366110846591847,
W2_55.MAT,data/raw/dataset_2/wear/2/W2_55.MAT,GBX_WR,sensor2_spd55hz,Channel_2,Channel_4,0.02818132592623049,
W2_55.MAT,data/raw/dataset_2/wear/2/W2_55.MAT,GBX_WR,sensor2_spd55hz,Channel_3,Channel_4,-0.167724438717544,
N1_20.MAT,data/raw/dataset_2/healthy/1/N1_20.MAT,NOR,sensor1_spd20hz,Channel_1,Channel_2,-0.09893525351767009,-0.09893525351767009
N1_20.MAT,data/raw/dataset_2/healthy/1/N1_20.MAT,NOR,sensor1_spd20hz,Channel_1,Channel_3,0.011084735837378045,
N1_20.MAT,data/raw/dataset_2/healthy/1/N1_20.MAT,NOR,sensor1_spd20hz,Channel_1,Channel_4,0.0063747185638020586,
N1_20.MAT,data/raw/dataset_2/healthy/1/N1_20.MAT,NOR,sensor1_spd20hz,Channel_2,Channel_3,-0.03359513856899815,
N1_20.MAT,data/raw/dataset_2/healthy/1/N1_20.MAT,NOR,sensor1_spd20hz,Channel_2,Channel_4,0.02044180559992716,
N1_20.MAT,data/raw/dataset_2/healthy/1/N1_20.MAT,NOR,sensor1_spd20hz,Channel_3,Channel_4,-0.15313649597164863,
N1_25.MAT,data/raw/dataset_2/healthy/1/N1_25.MAT,NOR,sensor1_spd25hz,Channel_1,Channel_2,-0.15310392411930027,-0.15310392411930027
N1_25.MAT,data/raw/dataset_2/healthy/1/N1_25.MAT,NOR,sensor1_spd25hz,Channel_1,Channel_3,0.01567808505102487,
N1_25.MAT,data/raw/dataset_2/healthy/1/N1_25.MAT,NOR,sensor1_spd25hz,Channel_1,Channel_4,0.004501074470585158,
N1_25.MAT,data/raw/dataset_2/healthy/1/N1_25.MAT,NOR,sensor1_spd25hz,Channel_2,Channel_3,-0.01292764538263836,
N1_25.MAT,data/raw/dataset_2/healthy/1/N1_25.MAT,NOR,sensor1_spd25hz,Channel_2,Channel_4,0.023284005413750166,
N1_25.MAT,data/raw/dataset_2/healthy/1/N1_25.MAT,NOR,sensor1_spd25hz,Channel_3,Channel_4,-0.15372395090962357,
N1_30.MAT,data/raw/dataset_2/healthy/1/N1_30.MAT,NOR,sensor1_spd30hz,Channel_1,Channel_2,-0.054089474979959015,-0.054089474979959015
N1_30.MAT,data/raw/dataset_2/healthy/1/N1_30.MAT,NOR,sensor1_spd30hz,Channel_1,Channel_3,0.025988058619414715,
N1_30.MAT,data/raw/dataset_2/healthy/1/N1_30.MAT,NOR,sensor1_spd30hz,Channel_1,Channel_4,-0.00040264034381025154,
N1_30.MAT,data/raw/dataset_2/healthy/1/N1_30.MAT,NOR,sensor1_spd30hz,Channel_2,Channel_3,-0.04490422399983552,
N1_30.MAT,data/raw/dataset_2/healthy/1/N1_30.MAT,NOR,sensor1_spd30hz,Channel_2,Channel_4,0.020182663402814122,
N1_30.MAT,data/raw/dataset_2/healthy/1/N1_30.MAT,NOR,sensor1_spd30hz,Channel_3,Channel_4,-0.13490901933319627,
N1_35.MAT,data/raw/dataset_2/healthy/1/N1_35.MAT,NOR,sensor1_spd35hz,Channel_1,Channel_2,0.005154306867805264,0.005154306867805264
N1_35.MAT,data/raw/dataset_2/healthy/1/N1_35.MAT,NOR,sensor1_spd35hz,Channel_1,Channel_3,0.005186456606482226,
N1_35.MAT,data/raw/dataset_2/healthy/1/N1_35.MAT,NOR,sensor1_spd35hz,Channel_1,Channel_4,0.0078551828490584,
N1_35.MAT,data/raw/dataset_2/healthy/1/N1_35.MAT,NOR,sensor1_spd35hz,Channel_2,Channel_3,-0.02917920040209601,
N1_35.MAT,data/raw/dataset_2/healthy/1/N1_35.MAT,NOR,sensor1_spd35hz,Channel_2,Channel_4,0.04031494865646485,
N1_35.MAT,data/raw/dataset_2/healthy/1/N1_35.MAT,NOR,sensor1_spd35hz,Channel_3,Channel_4,-0.12379299558078642,
N1_40.MAT,data/raw/dataset_2/healthy/1/N1_40.MAT,NOR,sensor1_spd40hz,Channel_1,Channel_2,-0.21297177851572982,-0.21297177851572982
N1_40.MAT,data/raw/dataset_2/healthy/1/N1_40.MAT,NOR,sensor1_spd40hz,Channel_1,Channel_3,-0.0006694790084160157,
N1_40.MAT,data/raw/dataset_2/healthy/1/N1_40.MAT,NOR,sensor1_spd40hz,Channel_1,Channel_4,0.018327267076650847,
N1_40.MAT,data/raw/dataset_2/healthy/1/N1_40.MAT,NOR,sensor1_spd40hz,Channel_2,Channel_3,-0.056393877713419124,
N1_40.MAT,data/raw/dataset_2/healthy/1/N1_40.MAT,NOR,sensor1_spd40hz,Channel_2,Channel_4,0.02975349955037958,
N1_40.MAT,data/raw/dataset_2/healthy/1/N1_40.MAT,NOR,sensor1_spd40hz,Channel_3,Channel_4,-0.09415745364536546,
N1_45.MAT,data/raw/dataset_2/healthy/1/N1_45.MAT,NOR,sensor1_spd45hz,Channel_1,Channel_2,-0.059405357869209606,-0.059405357869209606
N1_45.MAT,data/raw/dataset_2/healthy/1/N1_45.MAT,NOR,sensor1_spd45hz,Channel_1,Channel_3,0.010162760790575454,
N1_45.MAT,data/raw/dataset_2/healthy/1/N1_45.MAT,NOR,sensor1_spd45hz,Channel_1,Channel_4,0.02244629515601339,
N1_45.MAT,data/raw/dataset_2/healthy/1/N1_45.MAT,NOR,sensor1_spd45hz,Channel_2,Channel_3,-0.059315894341108955,
N1_45.MAT,data/raw/dataset_2/healthy/1/N1_45.MAT,NOR,sensor1_spd45hz,Channel_2,Channel_4,0.024707979306997904,
N1_45.MAT,data/raw/dataset_2/healthy/1/N1_45.MAT,NOR,sensor1_spd45hz,Channel_3,Channel_4,-0.056418335643657835,
N1_50.MAT,data/raw/dataset_2/healthy/1/N1_50.MAT,NOR,sensor1_spd50hz,Channel_1,Channel_2,-0.48655996268347207,-0.48655996268347207
N1_50.MAT,data/raw/dataset_2/healthy/1/N1_50.MAT,NOR,sensor1_spd50hz,Channel_1,Channel_3,0.009374002043732836,
N1_50.MAT,data/raw/dataset_2/healthy/1/N1_50.MAT,NOR,sensor1_spd50hz,Channel_1,Channel_4,0.020796102311073084,
N1_50.MAT,data/raw/dataset_2/healthy/1/N1_50.MAT,NOR,sensor1_spd50hz,Channel_2,Channel_3,-0.023348762642971425,
N1_50.MAT,data/raw/dataset_2/healthy/1/N1_50.MAT,NOR,sensor1_spd50hz,Channel_2,Channel_4,0.03674315330966431,
N1_50.MAT,data/raw/dataset_2/healthy/1/N1_50.MAT,NOR,sensor1_spd50hz,Channel_3,Channel_4,-0.0375654393468516,
N1_55.MAT,data/raw/dataset_2/healthy/1/N1_55.MAT,NOR,sensor1_spd55hz,Channel_1,Channel_2,0.02775485022339631,0.02775485022339631
N1_55.MAT,data/raw/dataset_2/healthy/1/N1_55.MAT,NOR,sensor1_spd55hz,Channel_1,Channel_3,0.00529604113412778,
N1_55.MAT,data/raw/dataset_2/healthy/1/N1_55.MAT,NOR,sensor1_spd55hz,Channel_1,Channel_4,0.02957450808255663,
N1_55.MAT,data/raw/dataset_2/healthy/1/N1_55.MAT,NOR,sensor1_spd55hz,Channel_2,Channel_3,-0.03512654712340928,
N1_55.MAT,data/raw/dataset_2/healthy/1/N1_55.MAT,NOR,sensor1_spd55hz,Channel_2,Channel_4,0.0541054546289303,
N1_55.MAT,data/raw/dataset_2/healthy/1/N1_55.MAT,NOR,sensor1_spd55hz,Channel_3,Channel_4,0.014352038980181782,
N2_20.MAT,data/raw/dataset_2/healthy/2/N2_20.MAT,NOR,sensor2_spd20hz,Channel_1,Channel_2,0.15305627113997422,0.15305627113997422
N2_20.MAT,data/raw/dataset_2/healthy/2/N2_20.MAT,NOR,sensor2_spd20hz,Channel_1,Channel_3,0.01525364205562739,
N2_20.MAT,data/raw/dataset_2/healthy/2/N2_20.MAT,NOR,sensor2_spd20hz,Channel_1,Channel_4,-0.0012867807887692894,
N2_20.MAT,data/raw/dataset_2/healthy/2/N2_20.MAT,NOR,sensor2_spd20hz,Channel_2,Channel_3,-0.0665264259648325,
N2_20.MAT,data/raw/dataset_2/healthy/2/N2_20.MAT,NOR,sensor2_spd20hz,Channel_2,Channel_4,0.02912970273243422,
N2_20.MAT,data/raw/dataset_2/healthy/2/N2_20.MAT,NOR,sensor2_spd20hz,Channel_3,Channel_4,-0.2273858699678577,
N2_25.MAT,data/raw/dataset_2/healthy/2/N2_25.MAT,NOR,sensor2_spd25hz,Channel_1,Channel_2,0.12387274764444829,0.12387274764444829
N2_25.MAT,data/raw/dataset_2/healthy/2/N2_25.MAT,NOR,sensor2_spd25hz,Channel_1,Channel_3,0.022788736839754742,
N2_25.MAT,data/raw/dataset_2/healthy/2/N2_25.MAT,NOR,sensor2_spd25hz,Channel_1,Channel_4,-0.00017455065011009587,
N2_25.MAT,data/raw/dataset_2/healthy/2/N2_25.MAT,NOR,sensor2_spd25hz,Channel_2,Channel_3,-0.03817009227538665,
N2_25.MAT,data/raw/dataset_2/healthy/2/N2_25.MAT,NOR,sensor2_spd25hz,Channel_2,Channel_4,0.015058909842399767,
N2_25.MAT,data/raw/dataset_2/healthy/2/N2_25.MAT,NOR,sensor2_spd25hz,Channel_3,Channel_4,-0.23641497805296388,
N2_30.MAT,data/raw/dataset_2/healthy/2/N2_30.MAT,NOR,sensor2_spd30hz,Channel_1,Channel_2,0.1459017990257361,0.1459017990257361
N2_30.MAT,data/raw/dataset_2/healthy/2/N2_30.MAT,NOR,sensor2_spd30hz,Channel_1,Channel_3,0.012854262413331749,
N2_30.MAT,data/raw/dataset_2/healthy/2/N2_30.MAT,NOR,sensor2_spd30hz,Channel_1,Channel_4,0.005837096577477359,
N2_30.MAT,data/raw/dataset_2/healthy/2/N2_30.MAT,NOR,sensor2_spd30hz,Channel_2,Channel_3,-0.03670199341445649,
N2_30.MAT,data/raw/dataset_2/healthy/2/N2_30.MAT,NOR,sensor2_spd30hz,Channel_2,Channel_4,0.014004897944590942,
N2_30.MAT,data/raw/dataset_2/healthy/2/N2_30.MAT,NOR,sensor2_spd30hz,Channel_3,Channel_4,-0.07192063320359927,
N2_35.MAT,data/raw/dataset_2/healthy/2/N2_35.MAT,NOR,sensor2_spd35hz,Channel_1,Channel_2,0.21568861865474132,0.21568861865474132
N2_35.MAT,data/raw/dataset_2/healthy/2/N2_35.MAT,NOR,sensor2_spd35hz,Channel_1,Channel_3,-0.003116280087203679,
N2_35.MAT,data/raw/dataset_2/healthy/2/N2_35.MAT,NOR,sensor2_spd35hz,Channel_1,Channel_4,0.002467159347392883,
N2_35.MAT,data/raw/dataset_2/healthy/2/N2_35.MAT,NOR,sensor2_spd35hz,Channel_2,Channel_3,-0.05949328942386564,
N2_35.MAT,data/raw/dataset_2/healthy/2/N2_35.MAT,NOR,sensor2_spd35hz,Channel_2,Channel_4,0.02098487739156115,
N2_35.MAT,data/raw/dataset_2/healthy/2/N2_35.MAT,NOR,sensor2_spd35hz,Channel_3,Channel_4,-0.20274962794236234,
N2_40.MAT,data/raw/dataset_2/healthy/2/N2_40.MAT,NOR,sensor2_spd40hz,Channel_1,Channel_2,0.14225867810676407,0.14225867810676407
N2_40.MAT,data/raw/dataset_2/healthy/2/N2_40.MAT,NOR,sensor2_spd40hz,Channel_1,Channel_3,0.024025408378582688,
N2_40.MAT,data/raw/dataset_2/healthy/2/N2_40.MAT,NOR,sensor2_spd40hz,Channel_1,Channel_4,-0.0011897435532038621,
N2_40.MAT,data/raw/dataset_2/healthy/2/N2_40.MAT,NOR,sensor2_spd40hz,Channel_2,Channel_3,-0.042978981694317346,
N2_40.MAT,data/raw/dataset_2/healthy/2/N2_40.MAT,NOR,sensor2_spd40hz,Channel_2,Channel_4,0.023896856346651733,
N2_40.MAT,data/raw/dataset_2/healthy/2/N2_40.MAT,NOR,sensor2_spd40hz,Channel_3,Channel_4,-0.2546486983061141,
N2_45.MAT,data/raw/dataset_2/healthy/2/N2_45.MAT,NOR,sensor2_spd45hz,Channel_1,Channel_2,0.17351141168754022,0.17351141168754022
N2_45.MAT,data/raw/dataset_2/healthy/2/N2_45.MAT,NOR,sensor2_spd45hz,Channel_1,Channel_3,0.023641329708849038,
N2_45.MAT,data/raw/dataset_2/healthy/2/N2_45.MAT,NOR,sensor2_spd45hz,Channel_1,Channel_4,-0.0015696866353123668,
N2_45.MAT,data/raw/dataset_2/healthy/2/N2_45.MAT,NOR,sensor2_spd45hz,Channel_2,Channel_3,-0.044795832093968334,
N2_45.MAT,data/raw/dataset_2/healthy/2/N2_45.MAT,NOR,sensor2_spd45hz,Channel_2,Channel_4,0.020542878558936533,
N2_45.MAT,data/raw/dataset_2/healthy/2/N2_45.MAT,NOR,sensor2_spd45hz,Channel_3,Channel_4,-0.28129890620150627,
N2_50.MAT,data/raw/dataset_2/healthy/2/N2_50.MAT,NOR,sensor2_spd50hz,Channel_1,Channel_2,0.058959588580412226,0.058959588580412226
N2_50.MAT,data/raw/dataset_2/healthy/2/N2_50.MAT,NOR,sensor2_spd50hz,Channel_1,Channel_3,0.02985734567652541,
N2_50.MAT,data/raw/dataset_2/healthy/2/N2_50.MAT,NOR,sensor2_spd50hz,Channel_1,Channel_4,-0.007505955885391553,
N2_50.MAT,data/raw/dataset_2/healthy/2/N2_50.MAT,NOR,sensor2_spd50hz,Channel_2,Channel_3,-0.039564437984166916,
N2_50.MAT,data/raw/dataset_2/healthy/2/N2_50.MAT,NOR,sensor2_spd50hz,Channel_2,Channel_4,0.020548801577337062,
N2_50.MAT,data/raw/dataset_2/healthy/2/N2_50.MAT,NOR,sensor2_spd50hz,Channel_3,Channel_4,-0.2271114337696244,
N2_55.MAT,data/raw/dataset_2/healthy/2/N2_55.MAT,NOR,sensor2_spd55hz,Channel_1,Channel_2,0.16884877839034465,0.16884877839034465
N2_55.MAT,data/raw/dataset_2/healthy/2/N2_55.MAT,NOR,sensor2_spd55hz,Channel_1,Channel_3,0.04794270804989834,
N2_55.MAT,data/raw/dataset_2/healthy/2/N2_55.MAT,NOR,sensor2_spd55hz,Channel_1,Channel_4,-0.0029485171837170523,
N2_55.MAT,data/raw/dataset_2/healthy/2/N2_55.MAT,NOR,sensor2_spd55hz,Channel_2,Channel_3,-0.046572245810796525,
N2_55.MAT,data/raw/dataset_2/healthy/2/N2_55.MAT,NOR,sensor2_spd55hz,Channel_2,Channel_4,0.01640794398123638,
N2_55.MAT,data/raw/dataset_2/healthy/2/N2_55.MAT,NOR,sensor2_spd55hz,Channel_3,Channel_4,-0.19280694552692085,
